2025-01-22 17:07:45,461 - INFO - Collecting user input.
2025-01-22 17:07:45,463 - DEBUG - User input collected: I'm going to code in VS Code and browse documentation.
2025-01-22 17:07:45,463 - INFO - User Intention: I'm going to code in VS Code and browse documentation.
2025-01-22 17:07:45,463 - INFO - Initializing the summarizer model.
2025-01-22 17:07:45,467 - DEBUG - Starting new HTTPS connection (1): huggingface.co:443
2025-01-22 17:07:46,126 - DEBUG - https://huggingface.co:443 "HEAD /t5-small/resolve/main/config.json HTTP/11" 200 0
2025-01-22 17:07:51,479 - WARNING - From C:\Users\User\.conda\envs\myenv\Lib\site-packages\tf_keras\src\losses.py:2976: The name tf.losses.sparse_softmax_cross_entropy is deprecated. Please use tf.compat.v1.losses.sparse_softmax_cross_entropy instead.

2025-01-22 17:07:52,483 - DEBUG - https://huggingface.co:443 "HEAD /t5-small/resolve/main/generation_config.json HTTP/11" 200 0
2025-01-22 17:07:52,632 - DEBUG - Summarizer model loaded successfully.
2025-01-22 17:07:53,137 - INFO - Intention parsed successfully.
2025-01-22 17:07:53,234 - INFO - Parsed Intention: I'm going to code in
2025-01-22 17:07:53,235 - INFO - Sending notification: You're off track! Focus on your coding tasks.
2025-01-22 17:08:59,661 - INFO - Collecting user input.
2025-01-22 17:08:59,663 - DEBUG - User input collected: I'm going to code in VS Code and browse documentation.
2025-01-22 17:08:59,663 - INFO - User Intention: I'm going to code in VS Code and browse documentation.
2025-01-22 17:08:59,663 - INFO - Initializing the summarizer model.
2025-01-22 17:08:59,667 - DEBUG - Starting new HTTPS connection (1): huggingface.co:443
2025-01-22 17:09:00,273 - DEBUG - https://huggingface.co:443 "HEAD /t5-small/resolve/main/config.json HTTP/11" 200 0
2025-01-22 17:09:06,510 - WARNING - From C:\Users\User\.conda\envs\myenv\Lib\site-packages\tf_keras\src\losses.py:2976: The name tf.losses.sparse_softmax_cross_entropy is deprecated. Please use tf.compat.v1.losses.sparse_softmax_cross_entropy instead.

2025-01-22 17:09:07,697 - DEBUG - https://huggingface.co:443 "HEAD /t5-small/resolve/main/generation_config.json HTTP/11" 200 0
2025-01-22 17:09:07,852 - DEBUG - Summarizer model loaded successfully.
2025-01-22 17:09:08,836 - INFO - Intention parsed successfully.
2025-01-22 17:09:08,927 - INFO - Parsed Intention: I'm going to code in VS Code and browse documentation .
2025-01-22 17:09:08,927 - INFO - Sending notification: You're off track! Focus on your coding tasks.
2025-01-22 17:16:25,188 - INFO - Collecting user input.
2025-01-22 17:16:25,189 - DEBUG - User input collected: Testing screenshot classification.
2025-01-22 17:16:25,189 - INFO - User Intention: Testing screenshot classification.
2025-01-22 17:16:25,189 - INFO - Initializing the summarizer model.
2025-01-22 17:16:25,193 - DEBUG - Starting new HTTPS connection (1): huggingface.co:443
2025-01-22 17:16:25,919 - DEBUG - https://huggingface.co:443 "HEAD /t5-small/resolve/main/config.json HTTP/11" 200 0
2025-01-22 17:16:31,406 - WARNING - From C:\Users\User\.conda\envs\myenv\Lib\site-packages\tf_keras\src\losses.py:2976: The name tf.losses.sparse_softmax_cross_entropy is deprecated. Please use tf.compat.v1.losses.sparse_softmax_cross_entropy instead.

2025-01-22 17:16:32,905 - DEBUG - https://huggingface.co:443 "HEAD /t5-small/resolve/main/generation_config.json HTTP/11" 200 0
2025-01-22 17:16:33,054 - DEBUG - Summarizer model loaded successfully.
2025-01-22 17:16:34,100 - INFO - Intention parsed successfully.
2025-01-22 17:16:34,193 - INFO - Parsed Intention: testing screenshot classification . screenshot classification is based on a screenshot .
2025-01-22 17:16:34,193 - INFO - Sending notification: You're off track! Focus on your coding tasks.
2025-01-22 17:20:48,811 - INFO - Collecting user input.
2025-01-22 17:20:48,814 - DEBUG - User input collected: Testing screenshot classification.
2025-01-22 17:20:48,814 - INFO - User Intention: Testing screenshot classification.
2025-01-22 17:20:48,814 - INFO - Initializing the summarizer model.
2025-01-22 17:20:48,818 - DEBUG - Starting new HTTPS connection (1): huggingface.co:443
2025-01-22 17:20:49,406 - DEBUG - https://huggingface.co:443 "HEAD /t5-small/resolve/main/config.json HTTP/11" 200 0
2025-01-22 17:20:54,774 - WARNING - From C:\Users\User\.conda\envs\myenv\Lib\site-packages\tf_keras\src\losses.py:2976: The name tf.losses.sparse_softmax_cross_entropy is deprecated. Please use tf.compat.v1.losses.sparse_softmax_cross_entropy instead.

2025-01-22 17:20:55,903 - DEBUG - https://huggingface.co:443 "HEAD /t5-small/resolve/main/generation_config.json HTTP/11" 200 0
2025-01-22 17:20:56,054 - DEBUG - Summarizer model loaded successfully.
2025-01-22 17:20:57,042 - INFO - Intention parsed successfully.
2025-01-22 17:20:57,140 - INFO - Parsed Intention: testing screenshot classification . screenshot classification is based on a screenshot .
2025-01-22 17:20:57,140 - INFO - Sending notification: You're off track! Focus on your coding tasks.
2025-01-22 17:20:57,148 - INFO - Setting up screen capture with interval: 0s and output directory: screenshots.
2025-01-22 17:20:57,311 - INFO - Captured screenshot: screenshots/screenshot_20250122-172057.png
2025-01-22 17:20:57,480 - INFO - Captured screenshot: screenshots/screenshot_20250122-172057.png
2025-01-22 17:20:57,609 - INFO - Captured screenshot: screenshots/screenshot_20250122-172057.png
2025-01-22 17:20:57,744 - INFO - Captured screenshot: screenshots/screenshot_20250122-172057.png
2025-01-22 17:20:57,884 - INFO - Captured screenshot: screenshots/screenshot_20250122-172057.png
2025-01-22 17:20:58,009 - INFO - Captured screenshot: screenshots/screenshot_20250122-172057.png
2025-01-22 17:20:58,123 - INFO - Captured screenshot: screenshots/screenshot_20250122-172058.png
2025-01-22 17:20:58,239 - INFO - Captured screenshot: screenshots/screenshot_20250122-172058.png
2025-01-22 17:20:58,358 - INFO - Captured screenshot: screenshots/screenshot_20250122-172058.png
2025-01-22 17:20:58,484 - INFO - Captured screenshot: screenshots/screenshot_20250122-172058.png
2025-01-22 17:20:58,606 - INFO - Captured screenshot: screenshots/screenshot_20250122-172058.png
2025-01-22 17:20:58,723 - INFO - Captured screenshot: screenshots/screenshot_20250122-172058.png
2025-01-22 17:20:58,838 - INFO - Captured screenshot: screenshots/screenshot_20250122-172058.png
2025-01-22 17:20:58,957 - INFO - Captured screenshot: screenshots/screenshot_20250122-172058.png
2025-01-22 17:20:59,071 - INFO - Captured screenshot: screenshots/screenshot_20250122-172058.png
2025-01-22 17:20:59,188 - INFO - Captured screenshot: screenshots/screenshot_20250122-172059.png
2025-01-22 17:20:59,312 - INFO - Captured screenshot: screenshots/screenshot_20250122-172059.png
2025-01-22 17:20:59,436 - INFO - Captured screenshot: screenshots/screenshot_20250122-172059.png
2025-01-22 17:20:59,554 - INFO - Captured screenshot: screenshots/screenshot_20250122-172059.png
2025-01-22 17:20:59,670 - INFO - Captured screenshot: screenshots/screenshot_20250122-172059.png
2025-01-22 17:20:59,788 - INFO - Captured screenshot: screenshots/screenshot_20250122-172059.png
2025-01-22 17:20:59,904 - INFO - Captured screenshot: screenshots/screenshot_20250122-172059.png
2025-01-22 17:21:00,028 - INFO - Captured screenshot: screenshots/screenshot_20250122-172059.png
2025-01-22 17:21:00,154 - INFO - Captured screenshot: screenshots/screenshot_20250122-172100.png
2025-01-22 17:21:00,285 - INFO - Captured screenshot: screenshots/screenshot_20250122-172100.png
2025-01-22 17:21:00,412 - INFO - Captured screenshot: screenshots/screenshot_20250122-172100.png
2025-01-22 17:21:00,538 - INFO - Captured screenshot: screenshots/screenshot_20250122-172100.png
2025-01-22 17:21:00,687 - INFO - Captured screenshot: screenshots/screenshot_20250122-172100.png
2025-01-22 17:21:00,835 - INFO - Captured screenshot: screenshots/screenshot_20250122-172100.png
2025-01-22 17:21:00,992 - INFO - Captured screenshot: screenshots/screenshot_20250122-172100.png
2025-01-22 17:21:01,126 - INFO - Captured screenshot: screenshots/screenshot_20250122-172100.png
2025-01-22 17:21:01,266 - INFO - Captured screenshot: screenshots/screenshot_20250122-172101.png
2025-01-22 17:21:01,419 - INFO - Captured screenshot: screenshots/screenshot_20250122-172101.png
2025-01-22 17:21:01,604 - INFO - Captured screenshot: screenshots/screenshot_20250122-172101.png
2025-01-22 17:21:01,773 - INFO - Captured screenshot: screenshots/screenshot_20250122-172101.png
2025-01-22 17:21:01,973 - INFO - Captured screenshot: screenshots/screenshot_20250122-172101.png
2025-01-22 17:21:02,150 - INFO - Captured screenshot: screenshots/screenshot_20250122-172101.png
2025-01-22 17:21:02,357 - INFO - Captured screenshot: screenshots/screenshot_20250122-172102.png
2025-01-22 17:21:02,498 - INFO - Captured screenshot: screenshots/screenshot_20250122-172102.png
2025-01-22 17:21:02,642 - INFO - Captured screenshot: screenshots/screenshot_20250122-172102.png
2025-01-22 17:21:02,757 - INFO - Captured screenshot: screenshots/screenshot_20250122-172102.png
2025-01-22 17:21:02,884 - INFO - Captured screenshot: screenshots/screenshot_20250122-172102.png
2025-01-22 17:21:03,027 - INFO - Captured screenshot: screenshots/screenshot_20250122-172102.png
2025-01-22 17:21:03,175 - INFO - Captured screenshot: screenshots/screenshot_20250122-172103.png
2025-01-22 17:21:03,299 - INFO - Captured screenshot: screenshots/screenshot_20250122-172103.png
2025-01-22 17:21:03,453 - INFO - Captured screenshot: screenshots/screenshot_20250122-172103.png
2025-01-22 17:21:03,595 - INFO - Captured screenshot: screenshots/screenshot_20250122-172103.png
2025-01-22 17:21:03,725 - INFO - Captured screenshot: screenshots/screenshot_20250122-172103.png
2025-01-22 17:21:03,838 - INFO - Captured screenshot: screenshots/screenshot_20250122-172103.png
2025-01-22 17:21:03,971 - INFO - Captured screenshot: screenshots/screenshot_20250122-172103.png
2025-01-22 17:21:04,090 - INFO - Captured screenshot: screenshots/screenshot_20250122-172103.png
2025-01-22 17:21:04,215 - INFO - Captured screenshot: screenshots/screenshot_20250122-172104.png
2025-01-22 17:21:04,337 - INFO - Captured screenshot: screenshots/screenshot_20250122-172104.png
2025-01-22 17:21:04,454 - INFO - Captured screenshot: screenshots/screenshot_20250122-172104.png
2025-01-22 17:21:04,572 - INFO - Captured screenshot: screenshots/screenshot_20250122-172104.png
2025-01-22 17:21:04,691 - INFO - Captured screenshot: screenshots/screenshot_20250122-172104.png
2025-01-22 17:21:04,805 - INFO - Captured screenshot: screenshots/screenshot_20250122-172104.png
2025-01-22 17:21:04,921 - INFO - Captured screenshot: screenshots/screenshot_20250122-172104.png
2025-01-22 17:21:05,037 - INFO - Captured screenshot: screenshots/screenshot_20250122-172104.png
2025-01-22 17:21:05,156 - INFO - Captured screenshot: screenshots/screenshot_20250122-172105.png
2025-01-22 17:21:05,270 - INFO - Captured screenshot: screenshots/screenshot_20250122-172105.png
2025-01-22 17:21:05,395 - INFO - Captured screenshot: screenshots/screenshot_20250122-172105.png
2025-01-22 17:21:05,524 - INFO - Captured screenshot: screenshots/screenshot_20250122-172105.png
2025-01-22 17:21:05,639 - INFO - Captured screenshot: screenshots/screenshot_20250122-172105.png
2025-01-22 17:21:05,752 - INFO - Captured screenshot: screenshots/screenshot_20250122-172105.png
2025-01-22 17:21:05,869 - INFO - Captured screenshot: screenshots/screenshot_20250122-172105.png
2025-01-22 17:21:05,988 - INFO - Captured screenshot: screenshots/screenshot_20250122-172105.png
2025-01-22 17:21:06,103 - INFO - Captured screenshot: screenshots/screenshot_20250122-172105.png
2025-01-22 17:21:06,344 - INFO - Captured screenshot: screenshots/screenshot_20250122-172106.png
2025-01-22 17:21:06,523 - INFO - Captured screenshot: screenshots/screenshot_20250122-172106.png
2025-01-22 17:21:06,640 - INFO - Captured screenshot: screenshots/screenshot_20250122-172106.png
2025-01-22 17:21:06,751 - INFO - Captured screenshot: screenshots/screenshot_20250122-172106.png
2025-01-22 17:21:06,870 - INFO - Captured screenshot: screenshots/screenshot_20250122-172106.png
2025-01-22 17:21:06,989 - INFO - Captured screenshot: screenshots/screenshot_20250122-172106.png
2025-01-22 17:21:07,104 - INFO - Captured screenshot: screenshots/screenshot_20250122-172106.png
2025-01-22 17:21:07,221 - INFO - Captured screenshot: screenshots/screenshot_20250122-172107.png
2025-01-22 17:21:07,336 - INFO - Captured screenshot: screenshots/screenshot_20250122-172107.png
2025-01-22 17:21:07,456 - INFO - Captured screenshot: screenshots/screenshot_20250122-172107.png
2025-01-22 17:21:07,577 - INFO - Captured screenshot: screenshots/screenshot_20250122-172107.png
2025-01-22 17:21:07,704 - INFO - Captured screenshot: screenshots/screenshot_20250122-172107.png
2025-01-22 17:21:07,818 - INFO - Captured screenshot: screenshots/screenshot_20250122-172107.png
2025-01-22 17:21:07,939 - INFO - Captured screenshot: screenshots/screenshot_20250122-172107.png
2025-01-22 17:21:08,054 - INFO - Captured screenshot: screenshots/screenshot_20250122-172107.png
2025-01-22 17:21:08,170 - INFO - Captured screenshot: screenshots/screenshot_20250122-172108.png
2025-01-22 17:21:08,287 - INFO - Captured screenshot: screenshots/screenshot_20250122-172108.png
2025-01-22 17:21:08,404 - INFO - Captured screenshot: screenshots/screenshot_20250122-172108.png
2025-01-22 17:21:08,522 - INFO - Captured screenshot: screenshots/screenshot_20250122-172108.png
2025-01-22 17:21:08,638 - INFO - Captured screenshot: screenshots/screenshot_20250122-172108.png
2025-01-22 17:21:08,754 - INFO - Captured screenshot: screenshots/screenshot_20250122-172108.png
2025-01-22 17:21:08,869 - INFO - Captured screenshot: screenshots/screenshot_20250122-172108.png
2025-01-22 17:21:08,987 - INFO - Captured screenshot: screenshots/screenshot_20250122-172108.png
2025-01-22 17:21:09,102 - INFO - Captured screenshot: screenshots/screenshot_20250122-172108.png
2025-01-22 17:21:09,224 - INFO - Captured screenshot: screenshots/screenshot_20250122-172109.png
2025-01-22 17:21:09,349 - INFO - Captured screenshot: screenshots/screenshot_20250122-172109.png
2025-01-22 17:21:09,469 - INFO - Captured screenshot: screenshots/screenshot_20250122-172109.png
2025-01-22 17:21:09,586 - INFO - Captured screenshot: screenshots/screenshot_20250122-172109.png
2025-01-22 17:21:09,703 - INFO - Captured screenshot: screenshots/screenshot_20250122-172109.png
2025-01-22 17:21:09,829 - INFO - Captured screenshot: screenshots/screenshot_20250122-172109.png
2025-01-22 17:21:09,956 - INFO - Captured screenshot: screenshots/screenshot_20250122-172109.png
2025-01-22 17:21:10,071 - INFO - Captured screenshot: screenshots/screenshot_20250122-172109.png
2025-01-22 17:21:10,270 - INFO - Captured screenshot: screenshots/screenshot_20250122-172110.png
2025-01-22 17:21:10,388 - INFO - Captured screenshot: screenshots/screenshot_20250122-172110.png
2025-01-22 17:21:10,505 - INFO - Captured screenshot: screenshots/screenshot_20250122-172110.png
2025-01-22 17:21:10,618 - INFO - Captured screenshot: screenshots/screenshot_20250122-172110.png
2025-01-22 17:21:10,735 - INFO - Captured screenshot: screenshots/screenshot_20250122-172110.png
2025-01-22 17:21:10,853 - INFO - Captured screenshot: screenshots/screenshot_20250122-172110.png
2025-01-22 17:21:10,971 - INFO - Captured screenshot: screenshots/screenshot_20250122-172110.png
2025-01-22 17:21:11,086 - INFO - Captured screenshot: screenshots/screenshot_20250122-172110.png
2025-01-22 17:21:11,203 - INFO - Captured screenshot: screenshots/screenshot_20250122-172111.png
2025-01-22 17:21:11,322 - INFO - Captured screenshot: screenshots/screenshot_20250122-172111.png
2025-01-22 17:21:11,449 - INFO - Captured screenshot: screenshots/screenshot_20250122-172111.png
2025-01-22 17:21:11,573 - INFO - Captured screenshot: screenshots/screenshot_20250122-172111.png
2025-01-22 17:21:11,687 - INFO - Captured screenshot: screenshots/screenshot_20250122-172111.png
2025-01-22 17:21:11,806 - INFO - Captured screenshot: screenshots/screenshot_20250122-172111.png
2025-01-22 17:21:11,919 - INFO - Captured screenshot: screenshots/screenshot_20250122-172111.png
2025-01-22 17:21:12,036 - INFO - Captured screenshot: screenshots/screenshot_20250122-172111.png
2025-01-22 17:21:12,155 - INFO - Captured screenshot: screenshots/screenshot_20250122-172112.png
2025-01-22 17:21:12,273 - INFO - Captured screenshot: screenshots/screenshot_20250122-172112.png
2025-01-22 17:21:12,386 - INFO - Captured screenshot: screenshots/screenshot_20250122-172112.png
2025-01-22 17:21:12,504 - INFO - Captured screenshot: screenshots/screenshot_20250122-172112.png
2025-01-22 17:21:12,621 - INFO - Captured screenshot: screenshots/screenshot_20250122-172112.png
2025-01-22 17:21:12,736 - INFO - Captured screenshot: screenshots/screenshot_20250122-172112.png
2025-01-22 17:21:12,853 - INFO - Captured screenshot: screenshots/screenshot_20250122-172112.png
2025-01-22 17:21:12,972 - INFO - Captured screenshot: screenshots/screenshot_20250122-172112.png
2025-01-22 17:21:13,087 - INFO - Captured screenshot: screenshots/screenshot_20250122-172112.png
2025-01-22 17:21:13,257 - INFO - Captured screenshot: screenshots/screenshot_20250122-172113.png
2025-01-22 17:21:13,376 - INFO - Captured screenshot: screenshots/screenshot_20250122-172113.png
2025-01-22 17:21:13,488 - INFO - Captured screenshot: screenshots/screenshot_20250122-172113.png
2025-01-22 17:21:13,605 - INFO - Captured screenshot: screenshots/screenshot_20250122-172113.png
2025-01-22 17:21:13,724 - INFO - Captured screenshot: screenshots/screenshot_20250122-172113.png
2025-01-22 17:21:13,844 - INFO - Captured screenshot: screenshots/screenshot_20250122-172113.png
2025-01-22 17:21:13,968 - INFO - Captured screenshot: screenshots/screenshot_20250122-172113.png
2025-01-22 17:21:14,086 - INFO - Captured screenshot: screenshots/screenshot_20250122-172113.png
2025-01-22 17:21:14,213 - INFO - Captured screenshot: screenshots/screenshot_20250122-172114.png
2025-01-22 17:21:14,338 - INFO - Captured screenshot: screenshots/screenshot_20250122-172114.png
2025-01-22 17:21:14,453 - INFO - Captured screenshot: screenshots/screenshot_20250122-172114.png
2025-01-22 17:21:14,569 - INFO - Captured screenshot: screenshots/screenshot_20250122-172114.png
2025-01-22 17:21:14,686 - INFO - Captured screenshot: screenshots/screenshot_20250122-172114.png
2025-01-22 17:21:14,802 - INFO - Captured screenshot: screenshots/screenshot_20250122-172114.png
2025-01-22 17:21:14,920 - INFO - Captured screenshot: screenshots/screenshot_20250122-172114.png
2025-01-22 17:21:15,044 - INFO - Captured screenshot: screenshots/screenshot_20250122-172114.png
2025-01-22 17:21:15,192 - INFO - Captured screenshot: screenshots/screenshot_20250122-172115.png
2025-01-22 17:21:15,305 - INFO - Captured screenshot: screenshots/screenshot_20250122-172115.png
2025-01-22 17:21:15,428 - INFO - Captured screenshot: screenshots/screenshot_20250122-172115.png
2025-01-22 17:21:15,553 - INFO - Captured screenshot: screenshots/screenshot_20250122-172115.png
2025-01-22 17:21:16,380 - INFO - Captured screenshot: screenshots/screenshot_20250122-172115.png
2025-01-22 17:21:16,600 - INFO - Captured screenshot: screenshots/screenshot_20250122-172116.png
2025-01-22 17:21:16,719 - INFO - Captured screenshot: screenshots/screenshot_20250122-172116.png
2025-01-22 17:21:16,835 - INFO - Captured screenshot: screenshots/screenshot_20250122-172116.png
2025-01-22 17:21:16,955 - INFO - Captured screenshot: screenshots/screenshot_20250122-172116.png
2025-01-22 17:21:17,069 - INFO - Captured screenshot: screenshots/screenshot_20250122-172116.png
2025-01-22 17:21:17,353 - INFO - Captured screenshot: screenshots/screenshot_20250122-172117.png
2025-01-22 17:21:17,470 - INFO - Captured screenshot: screenshots/screenshot_20250122-172117.png
2025-01-22 17:21:17,607 - INFO - Captured screenshot: screenshots/screenshot_20250122-172117.png
2025-01-22 17:21:17,725 - INFO - Captured screenshot: screenshots/screenshot_20250122-172117.png
2025-01-22 17:21:17,839 - INFO - Captured screenshot: screenshots/screenshot_20250122-172117.png
2025-01-22 17:21:17,954 - INFO - Captured screenshot: screenshots/screenshot_20250122-172117.png
2025-01-22 17:21:18,070 - INFO - Captured screenshot: screenshots/screenshot_20250122-172117.png
2025-01-22 17:21:18,207 - INFO - Captured screenshot: screenshots/screenshot_20250122-172118.png
2025-01-22 17:21:18,321 - INFO - Captured screenshot: screenshots/screenshot_20250122-172118.png
2025-01-22 17:21:18,437 - INFO - Captured screenshot: screenshots/screenshot_20250122-172118.png
2025-01-22 17:21:18,552 - INFO - Captured screenshot: screenshots/screenshot_20250122-172118.png
2025-01-22 17:21:18,668 - INFO - Captured screenshot: screenshots/screenshot_20250122-172118.png
2025-01-22 17:21:18,790 - INFO - Captured screenshot: screenshots/screenshot_20250122-172118.png
2025-01-22 17:21:18,905 - INFO - Captured screenshot: screenshots/screenshot_20250122-172118.png
2025-01-22 17:21:19,017 - INFO - Captured screenshot: screenshots/screenshot_20250122-172118.png
2025-01-22 17:21:19,138 - INFO - Captured screenshot: screenshots/screenshot_20250122-172119.png
2025-01-22 17:21:19,253 - INFO - Captured screenshot: screenshots/screenshot_20250122-172119.png
2025-01-22 17:21:19,378 - INFO - Captured screenshot: screenshots/screenshot_20250122-172119.png
2025-01-22 17:21:19,502 - INFO - Captured screenshot: screenshots/screenshot_20250122-172119.png
2025-01-22 17:21:19,620 - INFO - Captured screenshot: screenshots/screenshot_20250122-172119.png
2025-01-22 17:21:19,737 - INFO - Captured screenshot: screenshots/screenshot_20250122-172119.png
2025-01-22 17:21:19,854 - INFO - Captured screenshot: screenshots/screenshot_20250122-172119.png
2025-01-22 17:21:19,968 - INFO - Captured screenshot: screenshots/screenshot_20250122-172119.png
2025-01-22 17:21:20,086 - INFO - Captured screenshot: screenshots/screenshot_20250122-172119.png
2025-01-22 17:21:20,222 - INFO - Captured screenshot: screenshots/screenshot_20250122-172120.png
2025-01-22 17:21:20,337 - INFO - Captured screenshot: screenshots/screenshot_20250122-172120.png
2025-01-22 17:21:20,453 - INFO - Captured screenshot: screenshots/screenshot_20250122-172120.png
2025-01-22 17:21:20,570 - INFO - Captured screenshot: screenshots/screenshot_20250122-172120.png
2025-01-22 17:21:20,685 - INFO - Captured screenshot: screenshots/screenshot_20250122-172120.png
2025-01-22 17:21:20,803 - INFO - Captured screenshot: screenshots/screenshot_20250122-172120.png
2025-01-22 17:21:20,919 - INFO - Captured screenshot: screenshots/screenshot_20250122-172120.png
2025-01-22 17:21:21,036 - INFO - Captured screenshot: screenshots/screenshot_20250122-172120.png
2025-01-22 17:21:21,152 - INFO - Captured screenshot: screenshots/screenshot_20250122-172121.png
2025-01-22 17:21:21,286 - INFO - Captured screenshot: screenshots/screenshot_20250122-172121.png
2025-01-22 17:21:21,459 - INFO - Captured screenshot: screenshots/screenshot_20250122-172121.png
2025-01-22 17:21:21,570 - INFO - Captured screenshot: screenshots/screenshot_20250122-172121.png
2025-01-22 17:21:21,686 - INFO - Captured screenshot: screenshots/screenshot_20250122-172121.png
2025-01-22 17:21:21,801 - INFO - Captured screenshot: screenshots/screenshot_20250122-172121.png
2025-01-22 17:21:21,919 - INFO - Captured screenshot: screenshots/screenshot_20250122-172121.png
2025-01-22 17:21:22,036 - INFO - Captured screenshot: screenshots/screenshot_20250122-172121.png
2025-01-22 17:21:22,154 - INFO - Captured screenshot: screenshots/screenshot_20250122-172122.png
2025-01-22 17:21:22,271 - INFO - Captured screenshot: screenshots/screenshot_20250122-172122.png
2025-01-22 17:21:22,386 - INFO - Captured screenshot: screenshots/screenshot_20250122-172122.png
2025-01-22 17:21:22,501 - INFO - Captured screenshot: screenshots/screenshot_20250122-172122.png
2025-01-22 17:21:22,621 - INFO - Captured screenshot: screenshots/screenshot_20250122-172122.png
2025-01-22 17:21:22,739 - INFO - Captured screenshot: screenshots/screenshot_20250122-172122.png
2025-01-22 17:21:22,851 - INFO - Captured screenshot: screenshots/screenshot_20250122-172122.png
2025-01-22 17:21:22,969 - INFO - Captured screenshot: screenshots/screenshot_20250122-172122.png
2025-01-22 17:21:23,087 - INFO - Captured screenshot: screenshots/screenshot_20250122-172122.png
2025-01-22 17:21:23,207 - INFO - Captured screenshot: screenshots/screenshot_20250122-172123.png
2025-01-22 17:21:23,330 - INFO - Captured screenshot: screenshots/screenshot_20250122-172123.png
2025-01-22 17:21:23,441 - INFO - Captured screenshot: screenshots/screenshot_20250122-172123.png
2025-01-22 17:21:23,598 - INFO - Captured screenshot: screenshots/screenshot_20250122-172123.png
2025-01-22 17:21:23,749 - INFO - Captured screenshot: screenshots/screenshot_20250122-172123.png
2025-01-22 17:21:23,875 - INFO - Captured screenshot: screenshots/screenshot_20250122-172123.png
2025-01-22 17:21:23,992 - INFO - Captured screenshot: screenshots/screenshot_20250122-172123.png
2025-01-22 17:21:24,101 - INFO - Captured screenshot: screenshots/screenshot_20250122-172123.png
2025-01-22 17:21:24,538 - INFO - Captured screenshot: screenshots/screenshot_20250122-172124.png
2025-01-22 17:21:24,659 - INFO - Captured screenshot: screenshots/screenshot_20250122-172124.png
2025-01-22 17:21:24,768 - INFO - Captured screenshot: screenshots/screenshot_20250122-172124.png
2025-01-22 17:21:24,886 - INFO - Captured screenshot: screenshots/screenshot_20250122-172124.png
2025-01-22 17:21:25,002 - INFO - Captured screenshot: screenshots/screenshot_20250122-172124.png
2025-01-22 17:21:25,133 - INFO - Captured screenshot: screenshots/screenshot_20250122-172125.png
2025-01-22 17:21:25,253 - INFO - Captured screenshot: screenshots/screenshot_20250122-172125.png
2025-01-22 17:21:25,369 - INFO - Captured screenshot: screenshots/screenshot_20250122-172125.png
2025-01-22 17:21:25,485 - INFO - Captured screenshot: screenshots/screenshot_20250122-172125.png
2025-01-22 17:21:25,605 - INFO - Captured screenshot: screenshots/screenshot_20250122-172125.png
2025-01-22 17:21:25,727 - INFO - Captured screenshot: screenshots/screenshot_20250122-172125.png
2025-01-22 17:21:25,836 - INFO - Captured screenshot: screenshots/screenshot_20250122-172125.png
2025-01-22 17:21:25,954 - INFO - Captured screenshot: screenshots/screenshot_20250122-172125.png
2025-01-22 17:21:26,070 - INFO - Captured screenshot: screenshots/screenshot_20250122-172125.png
2025-01-22 17:21:26,185 - INFO - Captured screenshot: screenshots/screenshot_20250122-172126.png
2025-01-22 17:21:26,302 - INFO - Captured screenshot: screenshots/screenshot_20250122-172126.png
2025-01-22 17:21:26,424 - INFO - Captured screenshot: screenshots/screenshot_20250122-172126.png
2025-01-22 17:21:26,535 - INFO - Captured screenshot: screenshots/screenshot_20250122-172126.png
2025-01-22 17:21:26,654 - INFO - Captured screenshot: screenshots/screenshot_20250122-172126.png
2025-01-22 17:21:26,771 - INFO - Captured screenshot: screenshots/screenshot_20250122-172126.png
2025-01-22 17:21:27,568 - INFO - Captured screenshot: screenshots/screenshot_20250122-172126.png
2025-01-22 17:21:28,038 - INFO - Captured screenshot: screenshots/screenshot_20250122-172127.png
2025-01-22 17:21:28,213 - INFO - Captured screenshot: screenshots/screenshot_20250122-172128.png
2025-01-22 17:21:28,338 - INFO - Captured screenshot: screenshots/screenshot_20250122-172128.png
2025-01-22 17:21:28,454 - INFO - Captured screenshot: screenshots/screenshot_20250122-172128.png
2025-01-22 17:21:28,573 - INFO - Captured screenshot: screenshots/screenshot_20250122-172128.png
2025-01-22 17:21:28,701 - INFO - Captured screenshot: screenshots/screenshot_20250122-172128.png
2025-01-22 17:21:28,819 - INFO - Captured screenshot: screenshots/screenshot_20250122-172128.png
2025-01-22 17:21:28,937 - INFO - Captured screenshot: screenshots/screenshot_20250122-172128.png
2025-01-22 17:21:29,052 - INFO - Captured screenshot: screenshots/screenshot_20250122-172128.png
2025-01-22 17:21:29,176 - INFO - Captured screenshot: screenshots/screenshot_20250122-172129.png
2025-01-22 17:21:29,290 - INFO - Captured screenshot: screenshots/screenshot_20250122-172129.png
2025-01-22 17:21:29,404 - INFO - Captured screenshot: screenshots/screenshot_20250122-172129.png
2025-01-22 17:21:29,521 - INFO - Captured screenshot: screenshots/screenshot_20250122-172129.png
2025-01-22 17:21:29,643 - INFO - Captured screenshot: screenshots/screenshot_20250122-172129.png
2025-01-22 17:21:29,755 - INFO - Captured screenshot: screenshots/screenshot_20250122-172129.png
2025-01-22 17:21:29,870 - INFO - Captured screenshot: screenshots/screenshot_20250122-172129.png
2025-01-22 17:21:29,986 - INFO - Captured screenshot: screenshots/screenshot_20250122-172129.png
2025-01-22 17:21:30,102 - INFO - Captured screenshot: screenshots/screenshot_20250122-172129.png
2025-01-22 17:21:30,219 - INFO - Captured screenshot: screenshots/screenshot_20250122-172130.png
2025-01-22 17:21:30,337 - INFO - Captured screenshot: screenshots/screenshot_20250122-172130.png
2025-01-22 17:21:30,454 - INFO - Captured screenshot: screenshots/screenshot_20250122-172130.png
2025-01-22 17:21:30,570 - INFO - Captured screenshot: screenshots/screenshot_20250122-172130.png
2025-01-22 17:21:30,687 - INFO - Captured screenshot: screenshots/screenshot_20250122-172130.png
2025-01-22 17:21:30,804 - INFO - Captured screenshot: screenshots/screenshot_20250122-172130.png
2025-01-22 17:21:30,920 - INFO - Captured screenshot: screenshots/screenshot_20250122-172130.png
2025-01-22 17:21:31,037 - INFO - Captured screenshot: screenshots/screenshot_20250122-172130.png
2025-01-22 17:21:31,154 - INFO - Captured screenshot: screenshots/screenshot_20250122-172131.png
2025-01-22 17:21:31,272 - INFO - Captured screenshot: screenshots/screenshot_20250122-172131.png
2025-01-22 17:21:31,398 - INFO - Captured screenshot: screenshots/screenshot_20250122-172131.png
2025-01-22 17:21:31,512 - INFO - Captured screenshot: screenshots/screenshot_20250122-172131.png
2025-01-22 17:21:31,638 - INFO - Captured screenshot: screenshots/screenshot_20250122-172131.png
2025-01-22 17:21:31,756 - INFO - Captured screenshot: screenshots/screenshot_20250122-172131.png
2025-01-22 17:21:31,869 - INFO - Captured screenshot: screenshots/screenshot_20250122-172131.png
2025-01-22 17:21:31,986 - INFO - Captured screenshot: screenshots/screenshot_20250122-172131.png
2025-01-22 17:21:32,105 - INFO - Captured screenshot: screenshots/screenshot_20250122-172131.png
2025-01-22 17:21:32,220 - INFO - Captured screenshot: screenshots/screenshot_20250122-172132.png
2025-01-22 17:21:32,336 - INFO - Captured screenshot: screenshots/screenshot_20250122-172132.png
2025-01-22 17:21:32,454 - INFO - Captured screenshot: screenshots/screenshot_20250122-172132.png
2025-01-22 17:21:32,569 - INFO - Captured screenshot: screenshots/screenshot_20250122-172132.png
2025-01-22 17:21:32,685 - INFO - Captured screenshot: screenshots/screenshot_20250122-172132.png
2025-01-22 17:21:32,802 - INFO - Captured screenshot: screenshots/screenshot_20250122-172132.png
2025-01-22 17:21:32,920 - INFO - Captured screenshot: screenshots/screenshot_20250122-172132.png
2025-01-22 17:21:33,038 - INFO - Captured screenshot: screenshots/screenshot_20250122-172132.png
2025-01-22 17:21:33,155 - INFO - Captured screenshot: screenshots/screenshot_20250122-172133.png
2025-01-22 17:21:33,271 - INFO - Captured screenshot: screenshots/screenshot_20250122-172133.png
2025-01-22 17:21:33,391 - INFO - Captured screenshot: screenshots/screenshot_20250122-172133.png
2025-01-22 17:21:33,503 - INFO - Captured screenshot: screenshots/screenshot_20250122-172133.png
2025-01-22 17:21:33,620 - INFO - Captured screenshot: screenshots/screenshot_20250122-172133.png
2025-01-22 17:21:33,739 - INFO - Captured screenshot: screenshots/screenshot_20250122-172133.png
2025-01-22 17:21:33,852 - INFO - Captured screenshot: screenshots/screenshot_20250122-172133.png
2025-01-22 17:21:33,971 - INFO - Captured screenshot: screenshots/screenshot_20250122-172133.png
2025-01-22 17:21:34,086 - INFO - Captured screenshot: screenshots/screenshot_20250122-172133.png
2025-01-22 17:21:34,213 - INFO - Captured screenshot: screenshots/screenshot_20250122-172134.png
2025-01-22 17:21:34,351 - INFO - Captured screenshot: screenshots/screenshot_20250122-172134.png
2025-01-22 17:21:34,515 - INFO - Captured screenshot: screenshots/screenshot_20250122-172134.png
2025-01-22 17:21:34,689 - INFO - Captured screenshot: screenshots/screenshot_20250122-172134.png
2025-01-22 17:21:34,843 - INFO - Captured screenshot: screenshots/screenshot_20250122-172134.png
2025-01-22 17:21:35,007 - INFO - Captured screenshot: screenshots/screenshot_20250122-172134.png
2025-01-22 17:21:35,172 - INFO - Captured screenshot: screenshots/screenshot_20250122-172135.png
2025-01-22 17:21:35,313 - INFO - Captured screenshot: screenshots/screenshot_20250122-172135.png
2025-01-22 17:21:35,440 - INFO - Captured screenshot: screenshots/screenshot_20250122-172135.png
2025-01-22 17:21:35,554 - INFO - Captured screenshot: screenshots/screenshot_20250122-172135.png
2025-01-22 17:21:35,668 - INFO - Captured screenshot: screenshots/screenshot_20250122-172135.png
2025-01-22 17:21:35,787 - INFO - Captured screenshot: screenshots/screenshot_20250122-172135.png
2025-01-22 17:21:35,905 - INFO - Captured screenshot: screenshots/screenshot_20250122-172135.png
2025-01-22 17:21:36,020 - INFO - Captured screenshot: screenshots/screenshot_20250122-172135.png
2025-01-22 17:21:36,137 - INFO - Captured screenshot: screenshots/screenshot_20250122-172136.png
2025-01-22 17:21:36,254 - INFO - Captured screenshot: screenshots/screenshot_20250122-172136.png
2025-01-22 17:21:36,371 - INFO - Captured screenshot: screenshots/screenshot_20250122-172136.png
2025-01-22 17:21:36,486 - INFO - Captured screenshot: screenshots/screenshot_20250122-172136.png
2025-01-22 17:21:36,602 - INFO - Captured screenshot: screenshots/screenshot_20250122-172136.png
2025-01-22 17:21:36,719 - INFO - Captured screenshot: screenshots/screenshot_20250122-172136.png
2025-01-22 17:21:36,836 - INFO - Captured screenshot: screenshots/screenshot_20250122-172136.png
2025-01-22 17:21:36,953 - INFO - Captured screenshot: screenshots/screenshot_20250122-172136.png
2025-01-22 17:21:37,070 - INFO - Captured screenshot: screenshots/screenshot_20250122-172136.png
2025-01-22 17:21:37,189 - INFO - Captured screenshot: screenshots/screenshot_20250122-172137.png
2025-01-22 17:21:37,313 - INFO - Captured screenshot: screenshots/screenshot_20250122-172137.png
2025-01-22 17:21:37,439 - INFO - Captured screenshot: screenshots/screenshot_20250122-172137.png
2025-01-22 17:21:37,554 - INFO - Captured screenshot: screenshots/screenshot_20250122-172137.png
2025-01-22 17:21:37,670 - INFO - Captured screenshot: screenshots/screenshot_20250122-172137.png
2025-01-22 17:21:37,796 - INFO - Captured screenshot: screenshots/screenshot_20250122-172137.png
2025-01-22 17:21:37,923 - INFO - Captured screenshot: screenshots/screenshot_20250122-172137.png
2025-01-22 17:21:38,039 - INFO - Captured screenshot: screenshots/screenshot_20250122-172137.png
2025-01-22 17:21:38,167 - INFO - Captured screenshot: screenshots/screenshot_20250122-172138.png
2025-01-22 17:21:38,288 - INFO - Captured screenshot: screenshots/screenshot_20250122-172138.png
2025-01-22 17:21:38,404 - INFO - Captured screenshot: screenshots/screenshot_20250122-172138.png
2025-01-22 17:21:38,521 - INFO - Captured screenshot: screenshots/screenshot_20250122-172138.png
2025-01-22 17:21:38,636 - INFO - Captured screenshot: screenshots/screenshot_20250122-172138.png
2025-01-22 17:21:38,755 - INFO - Captured screenshot: screenshots/screenshot_20250122-172138.png
2025-01-22 17:21:38,868 - INFO - Captured screenshot: screenshots/screenshot_20250122-172138.png
2025-01-22 17:21:38,987 - INFO - Captured screenshot: screenshots/screenshot_20250122-172138.png
2025-01-22 17:21:39,103 - INFO - Captured screenshot: screenshots/screenshot_20250122-172138.png
2025-01-22 17:21:39,237 - INFO - Captured screenshot: screenshots/screenshot_20250122-172139.png
2025-01-22 17:21:39,357 - INFO - Captured screenshot: screenshots/screenshot_20250122-172139.png
2025-01-22 17:21:39,470 - INFO - Captured screenshot: screenshots/screenshot_20250122-172139.png
2025-01-22 17:21:39,588 - INFO - Captured screenshot: screenshots/screenshot_20250122-172139.png
2025-01-22 17:21:39,709 - INFO - Captured screenshot: screenshots/screenshot_20250122-172139.png
2025-01-22 17:21:39,841 - INFO - Captured screenshot: screenshots/screenshot_20250122-172139.png
2025-01-22 17:21:39,954 - INFO - Captured screenshot: screenshots/screenshot_20250122-172139.png
2025-01-22 17:21:40,072 - INFO - Captured screenshot: screenshots/screenshot_20250122-172139.png
2025-01-22 17:21:40,188 - INFO - Captured screenshot: screenshots/screenshot_20250122-172140.png
2025-01-22 17:21:40,303 - INFO - Captured screenshot: screenshots/screenshot_20250122-172140.png
2025-01-22 17:21:40,419 - INFO - Captured screenshot: screenshots/screenshot_20250122-172140.png
2025-01-22 17:21:40,538 - INFO - Captured screenshot: screenshots/screenshot_20250122-172140.png
2025-01-22 17:21:40,653 - INFO - Captured screenshot: screenshots/screenshot_20250122-172140.png
2025-01-22 17:21:40,770 - INFO - Captured screenshot: screenshots/screenshot_20250122-172140.png
2025-01-22 17:21:40,887 - INFO - Captured screenshot: screenshots/screenshot_20250122-172140.png
2025-01-22 17:21:41,001 - INFO - Captured screenshot: screenshots/screenshot_20250122-172140.png
2025-01-22 17:21:41,139 - INFO - Captured screenshot: screenshots/screenshot_20250122-172141.png
2025-01-22 17:21:41,253 - INFO - Captured screenshot: screenshots/screenshot_20250122-172141.png
2025-01-22 17:21:41,377 - INFO - Captured screenshot: screenshots/screenshot_20250122-172141.png
2025-01-22 17:21:41,813 - INFO - Captured screenshot: screenshots/screenshot_20250122-172141.png
2025-01-22 17:21:41,935 - INFO - Captured screenshot: screenshots/screenshot_20250122-172141.png
2025-01-22 17:21:42,057 - INFO - Captured screenshot: screenshots/screenshot_20250122-172141.png
2025-01-22 17:21:42,173 - INFO - Captured screenshot: screenshots/screenshot_20250122-172142.png
2025-01-22 17:21:42,285 - INFO - Captured screenshot: screenshots/screenshot_20250122-172142.png
2025-01-22 17:21:42,403 - INFO - Captured screenshot: screenshots/screenshot_20250122-172142.png
2025-01-22 17:21:42,518 - INFO - Captured screenshot: screenshots/screenshot_20250122-172142.png
2025-01-22 17:21:42,637 - INFO - Captured screenshot: screenshots/screenshot_20250122-172142.png
2025-01-22 17:21:42,752 - INFO - Captured screenshot: screenshots/screenshot_20250122-172142.png
2025-01-22 17:21:42,870 - INFO - Captured screenshot: screenshots/screenshot_20250122-172142.png
2025-01-22 17:21:42,987 - INFO - Captured screenshot: screenshots/screenshot_20250122-172142.png
2025-01-22 17:21:43,102 - INFO - Captured screenshot: screenshots/screenshot_20250122-172142.png
2025-01-22 17:21:43,241 - INFO - Captured screenshot: screenshots/screenshot_20250122-172143.png
2025-01-22 17:21:43,366 - INFO - Captured screenshot: screenshots/screenshot_20250122-172143.png
2025-01-22 17:21:43,476 - INFO - Captured screenshot: screenshots/screenshot_20250122-172143.png
2025-01-22 17:21:43,586 - INFO - Captured screenshot: screenshots/screenshot_20250122-172143.png
2025-01-22 17:21:43,703 - INFO - Captured screenshot: screenshots/screenshot_20250122-172143.png
2025-01-22 17:21:43,828 - INFO - Captured screenshot: screenshots/screenshot_20250122-172143.png
2025-01-22 17:21:43,936 - INFO - Captured screenshot: screenshots/screenshot_20250122-172143.png
2025-01-22 17:21:44,052 - INFO - Captured screenshot: screenshots/screenshot_20250122-172143.png
2025-01-22 17:21:44,196 - INFO - Captured screenshot: screenshots/screenshot_20250122-172144.png
2025-01-22 17:21:44,326 - INFO - Captured screenshot: screenshots/screenshot_20250122-172144.png
2025-01-22 17:21:44,438 - INFO - Captured screenshot: screenshots/screenshot_20250122-172144.png
2025-01-22 17:21:44,554 - INFO - Captured screenshot: screenshots/screenshot_20250122-172144.png
2025-01-22 17:21:44,671 - INFO - Captured screenshot: screenshots/screenshot_20250122-172144.png
2025-01-22 17:21:44,784 - INFO - Captured screenshot: screenshots/screenshot_20250122-172144.png
2025-01-22 17:21:44,908 - INFO - Captured screenshot: screenshots/screenshot_20250122-172144.png
2025-01-22 17:21:45,058 - INFO - Captured screenshot: screenshots/screenshot_20250122-172144.png
2025-01-22 17:21:45,173 - INFO - Captured screenshot: screenshots/screenshot_20250122-172145.png
2025-01-22 17:21:45,288 - INFO - Captured screenshot: screenshots/screenshot_20250122-172145.png
2025-01-22 17:21:45,407 - INFO - Captured screenshot: screenshots/screenshot_20250122-172145.png
2025-01-22 17:21:45,519 - INFO - Captured screenshot: screenshots/screenshot_20250122-172145.png
2025-01-22 17:21:45,645 - INFO - Captured screenshot: screenshots/screenshot_20250122-172145.png
2025-01-22 17:21:45,773 - INFO - Captured screenshot: screenshots/screenshot_20250122-172145.png
2025-01-22 17:21:45,887 - INFO - Captured screenshot: screenshots/screenshot_20250122-172145.png
2025-01-22 17:21:46,002 - INFO - Captured screenshot: screenshots/screenshot_20250122-172145.png
2025-01-22 17:21:46,118 - INFO - Captured screenshot: screenshots/screenshot_20250122-172146.png
2025-01-22 17:21:46,235 - INFO - Captured screenshot: screenshots/screenshot_20250122-172146.png
2025-01-22 17:21:46,357 - INFO - Captured screenshot: screenshots/screenshot_20250122-172146.png
2025-01-22 17:21:46,469 - INFO - Captured screenshot: screenshots/screenshot_20250122-172146.png
2025-01-22 17:21:46,585 - INFO - Captured screenshot: screenshots/screenshot_20250122-172146.png
2025-01-22 17:21:46,703 - INFO - Captured screenshot: screenshots/screenshot_20250122-172146.png
2025-01-22 17:21:46,819 - INFO - Captured screenshot: screenshots/screenshot_20250122-172146.png
2025-01-22 17:21:46,938 - INFO - Captured screenshot: screenshots/screenshot_20250122-172146.png
2025-01-22 17:21:47,053 - INFO - Captured screenshot: screenshots/screenshot_20250122-172146.png
2025-01-22 17:21:47,174 - INFO - Captured screenshot: screenshots/screenshot_20250122-172147.png
2025-01-22 17:21:47,296 - INFO - Captured screenshot: screenshots/screenshot_20250122-172147.png
2025-01-22 17:21:47,420 - INFO - Captured screenshot: screenshots/screenshot_20250122-172147.png
2025-01-22 17:21:47,539 - INFO - Captured screenshot: screenshots/screenshot_20250122-172147.png
2025-01-22 17:21:47,653 - INFO - Captured screenshot: screenshots/screenshot_20250122-172147.png
2025-01-22 17:21:47,777 - INFO - Captured screenshot: screenshots/screenshot_20250122-172147.png
2025-01-22 17:21:47,887 - INFO - Captured screenshot: screenshots/screenshot_20250122-172147.png
2025-01-22 17:21:48,004 - INFO - Captured screenshot: screenshots/screenshot_20250122-172147.png
2025-01-22 17:21:48,121 - INFO - Captured screenshot: screenshots/screenshot_20250122-172148.png
2025-01-22 17:21:48,237 - INFO - Captured screenshot: screenshots/screenshot_20250122-172148.png
2025-01-22 17:21:48,352 - INFO - Captured screenshot: screenshots/screenshot_20250122-172148.png
2025-01-22 17:21:48,469 - INFO - Captured screenshot: screenshots/screenshot_20250122-172148.png
2025-01-22 17:21:48,588 - INFO - Captured screenshot: screenshots/screenshot_20250122-172148.png
2025-01-22 17:21:48,709 - INFO - Captured screenshot: screenshots/screenshot_20250122-172148.png
2025-01-22 17:21:48,820 - INFO - Captured screenshot: screenshots/screenshot_20250122-172148.png
2025-01-22 17:21:48,950 - INFO - Captured screenshot: screenshots/screenshot_20250122-172148.png
2025-01-22 17:21:49,071 - INFO - Captured screenshot: screenshots/screenshot_20250122-172148.png
2025-01-22 17:21:49,189 - INFO - Captured screenshot: screenshots/screenshot_20250122-172149.png
2025-01-22 17:21:49,313 - INFO - Captured screenshot: screenshots/screenshot_20250122-172149.png
2025-01-22 17:21:49,438 - INFO - Captured screenshot: screenshots/screenshot_20250122-172149.png
2025-01-22 17:21:49,552 - INFO - Captured screenshot: screenshots/screenshot_20250122-172149.png
2025-01-22 17:21:49,672 - INFO - Captured screenshot: screenshots/screenshot_20250122-172149.png
2025-01-22 17:21:49,796 - INFO - Captured screenshot: screenshots/screenshot_20250122-172149.png
2025-01-22 17:21:49,922 - INFO - Captured screenshot: screenshots/screenshot_20250122-172149.png
2025-01-22 17:21:50,036 - INFO - Captured screenshot: screenshots/screenshot_20250122-172149.png
2025-01-22 17:21:50,221 - INFO - Captured screenshot: screenshots/screenshot_20250122-172150.png
2025-01-22 17:21:50,339 - INFO - Captured screenshot: screenshots/screenshot_20250122-172150.png
2025-01-22 17:21:50,452 - INFO - Captured screenshot: screenshots/screenshot_20250122-172150.png
2025-01-22 17:21:50,570 - INFO - Captured screenshot: screenshots/screenshot_20250122-172150.png
2025-01-22 17:21:50,687 - INFO - Captured screenshot: screenshots/screenshot_20250122-172150.png
2025-01-22 17:21:50,803 - INFO - Captured screenshot: screenshots/screenshot_20250122-172150.png
2025-01-22 17:21:50,948 - INFO - Captured screenshot: screenshots/screenshot_20250122-172150.png
2025-01-22 17:21:51,070 - INFO - Captured screenshot: screenshots/screenshot_20250122-172150.png
2025-01-22 17:21:51,189 - INFO - Captured screenshot: screenshots/screenshot_20250122-172151.png
2025-01-22 17:21:51,302 - INFO - Captured screenshot: screenshots/screenshot_20250122-172151.png
2025-01-22 17:21:51,432 - INFO - Captured screenshot: screenshots/screenshot_20250122-172151.png
2025-01-22 17:21:51,557 - INFO - Captured screenshot: screenshots/screenshot_20250122-172151.png
2025-01-22 17:21:51,671 - INFO - Captured screenshot: screenshots/screenshot_20250122-172151.png
2025-01-22 17:21:51,786 - INFO - Captured screenshot: screenshots/screenshot_20250122-172151.png
2025-01-22 17:21:51,903 - INFO - Captured screenshot: screenshots/screenshot_20250122-172151.png
2025-01-22 17:21:52,019 - INFO - Captured screenshot: screenshots/screenshot_20250122-172151.png
2025-01-22 17:21:52,157 - INFO - Captured screenshot: screenshots/screenshot_20250122-172152.png
2025-01-22 17:21:52,269 - INFO - Captured screenshot: screenshots/screenshot_20250122-172152.png
2025-01-22 17:21:52,387 - INFO - Captured screenshot: screenshots/screenshot_20250122-172152.png
2025-01-22 17:21:52,504 - INFO - Captured screenshot: screenshots/screenshot_20250122-172152.png
2025-01-22 17:21:52,617 - INFO - Captured screenshot: screenshots/screenshot_20250122-172152.png
2025-01-22 17:21:52,736 - INFO - Captured screenshot: screenshots/screenshot_20250122-172152.png
2025-01-22 17:21:52,854 - INFO - Captured screenshot: screenshots/screenshot_20250122-172152.png
2025-01-22 17:21:52,971 - INFO - Captured screenshot: screenshots/screenshot_20250122-172152.png
2025-01-22 17:21:53,087 - INFO - Captured screenshot: screenshots/screenshot_20250122-172152.png
2025-01-22 17:21:53,204 - INFO - Captured screenshot: screenshots/screenshot_20250122-172153.png
2025-01-22 17:21:53,334 - INFO - Captured screenshot: screenshots/screenshot_20250122-172153.png
2025-01-22 17:21:53,454 - INFO - Captured screenshot: screenshots/screenshot_20250122-172153.png
2025-01-22 17:21:53,568 - INFO - Captured screenshot: screenshots/screenshot_20250122-172153.png
2025-01-22 17:21:53,689 - INFO - Captured screenshot: screenshots/screenshot_20250122-172153.png
2025-01-22 17:21:53,815 - INFO - Captured screenshot: screenshots/screenshot_20250122-172153.png
2025-01-22 17:21:53,942 - INFO - Captured screenshot: screenshots/screenshot_20250122-172153.png
2025-01-22 17:21:54,054 - INFO - Captured screenshot: screenshots/screenshot_20250122-172153.png
2025-01-22 17:21:54,432 - INFO - Captured screenshot: screenshots/screenshot_20250122-172154.png
2025-01-22 17:21:54,553 - INFO - Captured screenshot: screenshots/screenshot_20250122-172154.png
2025-01-22 17:21:54,672 - INFO - Captured screenshot: screenshots/screenshot_20250122-172154.png
2025-01-22 17:21:54,786 - INFO - Captured screenshot: screenshots/screenshot_20250122-172154.png
2025-01-22 17:21:54,903 - INFO - Captured screenshot: screenshots/screenshot_20250122-172154.png
2025-01-22 17:21:55,019 - INFO - Captured screenshot: screenshots/screenshot_20250122-172154.png
2025-01-22 17:21:55,137 - INFO - Captured screenshot: screenshots/screenshot_20250122-172155.png
2025-01-22 17:21:55,254 - INFO - Captured screenshot: screenshots/screenshot_20250122-172155.png
2025-01-22 17:21:55,369 - INFO - Captured screenshot: screenshots/screenshot_20250122-172155.png
2025-01-22 17:21:55,491 - INFO - Captured screenshot: screenshots/screenshot_20250122-172155.png
2025-01-22 17:21:55,614 - INFO - Captured screenshot: screenshots/screenshot_20250122-172155.png
2025-01-22 17:21:55,738 - INFO - Captured screenshot: screenshots/screenshot_20250122-172155.png
2025-01-22 17:21:55,854 - INFO - Captured screenshot: screenshots/screenshot_20250122-172155.png
2025-01-22 17:21:55,970 - INFO - Captured screenshot: screenshots/screenshot_20250122-172155.png
2025-01-22 17:21:56,085 - INFO - Captured screenshot: screenshots/screenshot_20250122-172155.png
2025-01-22 17:21:56,366 - INFO - Captured screenshot: screenshots/screenshot_20250122-172156.png
2025-01-22 17:21:56,487 - INFO - Captured screenshot: screenshots/screenshot_20250122-172156.png
2025-01-22 17:21:56,604 - INFO - Captured screenshot: screenshots/screenshot_20250122-172156.png
2025-01-22 17:21:56,719 - INFO - Captured screenshot: screenshots/screenshot_20250122-172156.png
2025-01-22 17:21:56,841 - INFO - Captured screenshot: screenshots/screenshot_20250122-172156.png
2025-01-22 17:21:56,954 - INFO - Captured screenshot: screenshots/screenshot_20250122-172156.png
2025-01-22 17:21:57,069 - INFO - Captured screenshot: screenshots/screenshot_20250122-172156.png
2025-01-22 17:21:57,187 - INFO - Captured screenshot: screenshots/screenshot_20250122-172157.png
2025-01-22 17:21:57,302 - INFO - Captured screenshot: screenshots/screenshot_20250122-172157.png
2025-01-22 17:21:57,420 - INFO - Captured screenshot: screenshots/screenshot_20250122-172157.png
2025-01-22 17:21:57,547 - INFO - Captured screenshot: screenshots/screenshot_20250122-172157.png
2025-01-22 17:21:57,669 - INFO - Captured screenshot: screenshots/screenshot_20250122-172157.png
2025-01-22 17:21:57,786 - INFO - Captured screenshot: screenshots/screenshot_20250122-172157.png
2025-01-22 17:21:57,902 - INFO - Captured screenshot: screenshots/screenshot_20250122-172157.png
2025-01-22 17:21:58,020 - INFO - Captured screenshot: screenshots/screenshot_20250122-172157.png
2025-01-22 17:21:58,138 - INFO - Captured screenshot: screenshots/screenshot_20250122-172158.png
2025-01-22 17:21:58,253 - INFO - Captured screenshot: screenshots/screenshot_20250122-172158.png
2025-01-22 17:21:58,369 - INFO - Captured screenshot: screenshots/screenshot_20250122-172158.png
2025-01-22 17:21:58,487 - INFO - Captured screenshot: screenshots/screenshot_20250122-172158.png
2025-01-22 17:21:58,603 - INFO - Captured screenshot: screenshots/screenshot_20250122-172158.png
2025-01-22 17:21:58,721 - INFO - Captured screenshot: screenshots/screenshot_20250122-172158.png
2025-01-22 17:21:58,837 - INFO - Captured screenshot: screenshots/screenshot_20250122-172158.png
2025-01-22 17:21:58,953 - INFO - Captured screenshot: screenshots/screenshot_20250122-172158.png
2025-01-22 17:21:59,071 - INFO - Captured screenshot: screenshots/screenshot_20250122-172158.png
2025-01-22 17:21:59,565 - INFO - Captured screenshot: screenshots/screenshot_20250122-172159.png
2025-01-22 17:21:59,704 - INFO - Captured screenshot: screenshots/screenshot_20250122-172159.png
2025-01-22 17:21:59,826 - INFO - Captured screenshot: screenshots/screenshot_20250122-172159.png
2025-01-22 17:21:59,937 - INFO - Captured screenshot: screenshots/screenshot_20250122-172159.png
2025-01-22 17:22:00,058 - INFO - Captured screenshot: screenshots/screenshot_20250122-172159.png
2025-01-22 17:22:00,170 - INFO - Captured screenshot: screenshots/screenshot_20250122-172200.png
2025-01-22 17:22:00,288 - INFO - Captured screenshot: screenshots/screenshot_20250122-172200.png
2025-01-22 17:22:00,404 - INFO - Captured screenshot: screenshots/screenshot_20250122-172200.png
2025-01-22 17:22:00,519 - INFO - Captured screenshot: screenshots/screenshot_20250122-172200.png
2025-01-22 17:22:00,635 - INFO - Captured screenshot: screenshots/screenshot_20250122-172200.png
2025-01-22 17:22:00,755 - INFO - Captured screenshot: screenshots/screenshot_20250122-172200.png
2025-01-22 17:22:00,869 - INFO - Captured screenshot: screenshots/screenshot_20250122-172200.png
2025-01-22 17:22:00,989 - INFO - Captured screenshot: screenshots/screenshot_20250122-172200.png
2025-01-22 17:22:01,104 - INFO - Captured screenshot: screenshots/screenshot_20250122-172200.png
2025-01-22 17:22:01,222 - INFO - Captured screenshot: screenshots/screenshot_20250122-172201.png
2025-01-22 17:22:01,347 - INFO - Captured screenshot: screenshots/screenshot_20250122-172201.png
2025-01-22 17:22:01,472 - INFO - Captured screenshot: screenshots/screenshot_20250122-172201.png
2025-01-22 17:22:01,607 - INFO - Captured screenshot: screenshots/screenshot_20250122-172201.png
2025-01-22 17:22:01,735 - INFO - Captured screenshot: screenshots/screenshot_20250122-172201.png
2025-01-22 17:22:01,865 - INFO - Captured screenshot: screenshots/screenshot_20250122-172201.png
2025-01-22 17:22:02,017 - INFO - Captured screenshot: screenshots/screenshot_20250122-172201.png
2025-01-22 17:22:02,143 - INFO - Captured screenshot: screenshots/screenshot_20250122-172202.png
2025-01-22 17:22:02,285 - INFO - Captured screenshot: screenshots/screenshot_20250122-172202.png
2025-01-22 17:22:02,424 - INFO - Captured screenshot: screenshots/screenshot_20250122-172202.png
2025-01-22 17:22:02,556 - INFO - Captured screenshot: screenshots/screenshot_20250122-172202.png
2025-01-22 17:22:02,694 - INFO - Captured screenshot: screenshots/screenshot_20250122-172202.png
2025-01-22 17:22:02,815 - INFO - Captured screenshot: screenshots/screenshot_20250122-172202.png
2025-01-22 17:22:02,957 - INFO - Captured screenshot: screenshots/screenshot_20250122-172202.png
2025-01-22 17:22:03,080 - INFO - Captured screenshot: screenshots/screenshot_20250122-172202.png
2025-01-22 17:22:03,213 - INFO - Captured screenshot: screenshots/screenshot_20250122-172203.png
2025-01-22 17:22:03,356 - INFO - Captured screenshot: screenshots/screenshot_20250122-172203.png
2025-01-22 17:22:03,473 - INFO - Captured screenshot: screenshots/screenshot_20250122-172203.png
2025-01-22 17:22:03,588 - INFO - Captured screenshot: screenshots/screenshot_20250122-172203.png
2025-01-22 17:22:03,705 - INFO - Captured screenshot: screenshots/screenshot_20250122-172203.png
2025-01-22 17:22:03,819 - INFO - Captured screenshot: screenshots/screenshot_20250122-172203.png
2025-01-22 17:22:03,937 - INFO - Captured screenshot: screenshots/screenshot_20250122-172203.png
2025-01-22 17:22:04,053 - INFO - Captured screenshot: screenshots/screenshot_20250122-172203.png
2025-01-22 17:22:04,171 - INFO - Captured screenshot: screenshots/screenshot_20250122-172204.png
2025-01-22 17:22:04,289 - INFO - Captured screenshot: screenshots/screenshot_20250122-172204.png
2025-01-22 17:22:04,414 - INFO - Captured screenshot: screenshots/screenshot_20250122-172204.png
2025-01-22 17:22:04,539 - INFO - Captured screenshot: screenshots/screenshot_20250122-172204.png
2025-01-22 17:22:04,652 - INFO - Captured screenshot: screenshots/screenshot_20250122-172204.png
2025-01-22 17:22:04,770 - INFO - Captured screenshot: screenshots/screenshot_20250122-172204.png
2025-01-22 17:22:04,887 - INFO - Captured screenshot: screenshots/screenshot_20250122-172204.png
2025-01-22 17:22:05,005 - INFO - Captured screenshot: screenshots/screenshot_20250122-172204.png
2025-01-22 17:22:05,123 - INFO - Captured screenshot: screenshots/screenshot_20250122-172205.png
2025-01-22 17:22:05,235 - INFO - Captured screenshot: screenshots/screenshot_20250122-172205.png
2025-01-22 17:22:05,354 - INFO - Captured screenshot: screenshots/screenshot_20250122-172205.png
2025-01-22 17:22:05,472 - INFO - Captured screenshot: screenshots/screenshot_20250122-172205.png
2025-01-22 17:22:05,586 - INFO - Captured screenshot: screenshots/screenshot_20250122-172205.png
2025-01-22 17:22:05,702 - INFO - Captured screenshot: screenshots/screenshot_20250122-172205.png
2025-01-22 17:22:05,821 - INFO - Captured screenshot: screenshots/screenshot_20250122-172205.png
2025-01-22 17:22:05,935 - INFO - Captured screenshot: screenshots/screenshot_20250122-172205.png
2025-01-22 17:22:06,053 - INFO - Captured screenshot: screenshots/screenshot_20250122-172205.png
2025-01-22 17:22:06,184 - INFO - Captured screenshot: screenshots/screenshot_20250122-172206.png
2025-01-22 17:22:06,309 - INFO - Captured screenshot: screenshots/screenshot_20250122-172206.png
2025-01-22 17:22:06,421 - INFO - Captured screenshot: screenshots/screenshot_20250122-172206.png
2025-01-22 17:22:06,537 - INFO - Captured screenshot: screenshots/screenshot_20250122-172206.png
2025-01-22 17:22:06,654 - INFO - Captured screenshot: screenshots/screenshot_20250122-172206.png
2025-01-22 17:22:06,781 - INFO - Captured screenshot: screenshots/screenshot_20250122-172206.png
2025-01-22 17:22:06,892 - INFO - Captured screenshot: screenshots/screenshot_20250122-172206.png
2025-01-22 17:22:07,002 - INFO - Captured screenshot: screenshots/screenshot_20250122-172206.png
2025-01-22 17:22:07,139 - INFO - Captured screenshot: screenshots/screenshot_20250122-172207.png
2025-01-22 17:22:07,280 - INFO - Captured screenshot: screenshots/screenshot_20250122-172207.png
2025-01-22 17:22:07,434 - INFO - Captured screenshot: screenshots/screenshot_20250122-172207.png
2025-01-22 17:22:07,571 - INFO - Captured screenshot: screenshots/screenshot_20250122-172207.png
2025-01-22 17:22:07,716 - INFO - Captured screenshot: screenshots/screenshot_20250122-172207.png
2025-01-22 17:22:07,880 - INFO - Captured screenshot: screenshots/screenshot_20250122-172207.png
2025-01-22 17:22:08,017 - INFO - Captured screenshot: screenshots/screenshot_20250122-172207.png
2025-01-22 17:22:08,175 - INFO - Captured screenshot: screenshots/screenshot_20250122-172208.png
2025-01-22 17:22:08,305 - INFO - Captured screenshot: screenshots/screenshot_20250122-172208.png
2025-01-22 17:22:08,424 - INFO - Captured screenshot: screenshots/screenshot_20250122-172208.png
2025-01-22 17:22:08,537 - INFO - Captured screenshot: screenshots/screenshot_20250122-172208.png
2025-01-22 17:22:08,653 - INFO - Captured screenshot: screenshots/screenshot_20250122-172208.png
2025-01-22 17:22:08,775 - INFO - Captured screenshot: screenshots/screenshot_20250122-172208.png
2025-01-22 17:22:08,892 - INFO - Captured screenshot: screenshots/screenshot_20250122-172208.png
2025-01-22 17:22:09,004 - INFO - Captured screenshot: screenshots/screenshot_20250122-172208.png
2025-01-22 17:22:09,141 - INFO - Captured screenshot: screenshots/screenshot_20250122-172209.png
2025-01-22 17:22:09,263 - INFO - Captured screenshot: screenshots/screenshot_20250122-172209.png
2025-01-22 17:22:09,391 - INFO - Captured screenshot: screenshots/screenshot_20250122-172209.png
2025-01-22 17:22:09,505 - INFO - Captured screenshot: screenshots/screenshot_20250122-172209.png
2025-01-22 17:22:09,621 - INFO - Captured screenshot: screenshots/screenshot_20250122-172209.png
2025-01-22 17:22:09,739 - INFO - Captured screenshot: screenshots/screenshot_20250122-172209.png
2025-01-22 17:22:09,852 - INFO - Captured screenshot: screenshots/screenshot_20250122-172209.png
2025-01-22 17:22:09,971 - INFO - Captured screenshot: screenshots/screenshot_20250122-172209.png
2025-01-22 17:22:10,087 - INFO - Captured screenshot: screenshots/screenshot_20250122-172209.png
2025-01-22 17:22:10,440 - INFO - Captured screenshot: screenshots/screenshot_20250122-172210.png
2025-01-22 17:22:10,560 - INFO - Captured screenshot: screenshots/screenshot_20250122-172210.png
2025-01-22 17:22:10,669 - INFO - Captured screenshot: screenshots/screenshot_20250122-172210.png
2025-01-22 17:22:10,786 - INFO - Captured screenshot: screenshots/screenshot_20250122-172210.png
2025-01-22 17:22:10,906 - INFO - Captured screenshot: screenshots/screenshot_20250122-172210.png
2025-01-22 17:22:11,018 - INFO - Captured screenshot: screenshots/screenshot_20250122-172210.png
2025-01-22 17:22:11,138 - INFO - Captured screenshot: screenshots/screenshot_20250122-172211.png
2025-01-22 17:22:11,252 - INFO - Captured screenshot: screenshots/screenshot_20250122-172211.png
2025-01-22 17:22:11,372 - INFO - Captured screenshot: screenshots/screenshot_20250122-172211.png
2025-01-22 17:22:11,487 - INFO - Captured screenshot: screenshots/screenshot_20250122-172211.png
2025-01-22 17:22:11,613 - INFO - Captured screenshot: screenshots/screenshot_20250122-172211.png
2025-01-22 17:22:11,726 - INFO - Captured screenshot: screenshots/screenshot_20250122-172211.png
2025-01-22 17:22:11,836 - INFO - Captured screenshot: screenshots/screenshot_20250122-172211.png
2025-01-22 17:22:11,953 - INFO - Captured screenshot: screenshots/screenshot_20250122-172211.png
2025-01-22 17:22:12,068 - INFO - Captured screenshot: screenshots/screenshot_20250122-172211.png
2025-01-22 17:22:12,189 - INFO - Captured screenshot: screenshots/screenshot_20250122-172212.png
2025-01-22 17:22:12,302 - INFO - Captured screenshot: screenshots/screenshot_20250122-172212.png
2025-01-22 17:22:12,420 - INFO - Captured screenshot: screenshots/screenshot_20250122-172212.png
2025-01-22 17:22:12,537 - INFO - Captured screenshot: screenshots/screenshot_20250122-172212.png
2025-01-22 17:22:12,653 - INFO - Captured screenshot: screenshots/screenshot_20250122-172212.png
2025-01-22 17:22:12,770 - INFO - Captured screenshot: screenshots/screenshot_20250122-172212.png
2025-01-22 17:22:12,886 - INFO - Captured screenshot: screenshots/screenshot_20250122-172212.png
2025-01-22 17:22:13,002 - INFO - Captured screenshot: screenshots/screenshot_20250122-172212.png
2025-01-22 17:22:13,144 - INFO - Captured screenshot: screenshots/screenshot_20250122-172213.png
2025-01-22 17:22:13,255 - INFO - Captured screenshot: screenshots/screenshot_20250122-172213.png
2025-01-22 17:22:13,378 - INFO - Captured screenshot: screenshots/screenshot_20250122-172213.png
2025-01-22 17:22:13,503 - INFO - Captured screenshot: screenshots/screenshot_20250122-172213.png
2025-01-22 17:22:13,620 - INFO - Captured screenshot: screenshots/screenshot_20250122-172213.png
2025-01-22 17:22:13,736 - INFO - Captured screenshot: screenshots/screenshot_20250122-172213.png
2025-01-22 17:22:13,853 - INFO - Captured screenshot: screenshots/screenshot_20250122-172213.png
2025-01-22 17:22:13,968 - INFO - Captured screenshot: screenshots/screenshot_20250122-172213.png
2025-01-22 17:22:14,085 - INFO - Captured screenshot: screenshots/screenshot_20250122-172213.png
2025-01-22 17:22:14,204 - INFO - Captured screenshot: screenshots/screenshot_20250122-172214.png
2025-01-22 17:22:14,319 - INFO - Captured screenshot: screenshots/screenshot_20250122-172214.png
2025-01-22 17:22:14,436 - INFO - Captured screenshot: screenshots/screenshot_20250122-172214.png
2025-01-22 17:22:14,555 - INFO - Captured screenshot: screenshots/screenshot_20250122-172214.png
2025-01-22 17:22:14,675 - INFO - Captured screenshot: screenshots/screenshot_20250122-172214.png
2025-01-22 17:22:14,786 - INFO - Captured screenshot: screenshots/screenshot_20250122-172214.png
2025-01-22 17:22:14,904 - INFO - Captured screenshot: screenshots/screenshot_20250122-172214.png
2025-01-22 17:22:15,022 - INFO - Captured screenshot: screenshots/screenshot_20250122-172214.png
2025-01-22 17:22:15,147 - INFO - Captured screenshot: screenshots/screenshot_20250122-172215.png
2025-01-22 17:22:15,271 - INFO - Captured screenshot: screenshots/screenshot_20250122-172215.png
2025-01-22 17:22:15,392 - INFO - Captured screenshot: screenshots/screenshot_20250122-172215.png
2025-01-22 17:22:15,503 - INFO - Captured screenshot: screenshots/screenshot_20250122-172215.png
2025-01-22 17:22:15,622 - INFO - Captured screenshot: screenshots/screenshot_20250122-172215.png
2025-01-22 17:22:15,735 - INFO - Captured screenshot: screenshots/screenshot_20250122-172215.png
2025-01-22 17:22:15,852 - INFO - Captured screenshot: screenshots/screenshot_20250122-172215.png
2025-01-22 17:22:15,970 - INFO - Captured screenshot: screenshots/screenshot_20250122-172215.png
2025-01-22 17:22:16,086 - INFO - Captured screenshot: screenshots/screenshot_20250122-172215.png
2025-01-22 17:22:16,204 - INFO - Captured screenshot: screenshots/screenshot_20250122-172216.png
2025-01-22 17:22:16,319 - INFO - Captured screenshot: screenshots/screenshot_20250122-172216.png
2025-01-22 17:22:16,437 - INFO - Captured screenshot: screenshots/screenshot_20250122-172216.png
2025-01-22 17:22:16,551 - INFO - Captured screenshot: screenshots/screenshot_20250122-172216.png
2025-01-22 17:22:16,669 - INFO - Captured screenshot: screenshots/screenshot_20250122-172216.png
2025-01-22 17:22:16,786 - INFO - Captured screenshot: screenshots/screenshot_20250122-172216.png
2025-01-22 17:22:16,906 - INFO - Captured screenshot: screenshots/screenshot_20250122-172216.png
2025-01-22 17:22:17,020 - INFO - Captured screenshot: screenshots/screenshot_20250122-172216.png
2025-01-22 17:22:17,140 - INFO - Captured screenshot: screenshots/screenshot_20250122-172217.png
2025-01-22 17:22:17,253 - INFO - Captured screenshot: screenshots/screenshot_20250122-172217.png
2025-01-22 17:22:17,378 - INFO - Captured screenshot: screenshots/screenshot_20250122-172217.png
2025-01-22 17:22:17,503 - INFO - Captured screenshot: screenshots/screenshot_20250122-172217.png
2025-01-22 17:22:17,618 - INFO - Captured screenshot: screenshots/screenshot_20250122-172217.png
2025-01-22 17:22:17,735 - INFO - Captured screenshot: screenshots/screenshot_20250122-172217.png
2025-01-22 17:22:17,852 - INFO - Captured screenshot: screenshots/screenshot_20250122-172217.png
2025-01-22 17:22:17,970 - INFO - Captured screenshot: screenshots/screenshot_20250122-172217.png
2025-01-22 17:22:18,087 - INFO - Captured screenshot: screenshots/screenshot_20250122-172217.png
2025-01-22 17:22:18,203 - INFO - Captured screenshot: screenshots/screenshot_20250122-172218.png
2025-01-22 17:22:18,322 - INFO - Captured screenshot: screenshots/screenshot_20250122-172218.png
2025-01-22 17:22:18,437 - INFO - Captured screenshot: screenshots/screenshot_20250122-172218.png
2025-01-22 17:22:18,559 - INFO - Captured screenshot: screenshots/screenshot_20250122-172218.png
2025-01-22 17:22:18,670 - INFO - Captured screenshot: screenshots/screenshot_20250122-172218.png
2025-01-22 17:22:18,786 - INFO - Captured screenshot: screenshots/screenshot_20250122-172218.png
2025-01-22 17:22:18,906 - INFO - Captured screenshot: screenshots/screenshot_20250122-172218.png
2025-01-22 17:22:19,019 - INFO - Captured screenshot: screenshots/screenshot_20250122-172218.png
2025-01-22 17:22:19,157 - INFO - Captured screenshot: screenshots/screenshot_20250122-172219.png
2025-01-22 17:22:19,273 - INFO - Captured screenshot: screenshots/screenshot_20250122-172219.png
2025-01-22 17:22:19,390 - INFO - Captured screenshot: screenshots/screenshot_20250122-172219.png
2025-01-22 17:22:19,505 - INFO - Captured screenshot: screenshots/screenshot_20250122-172219.png
2025-01-22 17:22:19,621 - INFO - Captured screenshot: screenshots/screenshot_20250122-172219.png
2025-01-22 17:22:19,737 - INFO - Captured screenshot: screenshots/screenshot_20250122-172219.png
2025-01-22 17:22:19,852 - INFO - Captured screenshot: screenshots/screenshot_20250122-172219.png
2025-01-22 17:22:19,968 - INFO - Captured screenshot: screenshots/screenshot_20250122-172219.png
2025-01-22 17:22:20,086 - INFO - Captured screenshot: screenshots/screenshot_20250122-172219.png
2025-01-22 17:22:20,205 - INFO - Captured screenshot: screenshots/screenshot_20250122-172220.png
2025-01-22 17:22:20,324 - INFO - Captured screenshot: screenshots/screenshot_20250122-172220.png
2025-01-22 17:22:20,438 - INFO - Captured screenshot: screenshots/screenshot_20250122-172220.png
2025-01-22 17:22:20,551 - INFO - Captured screenshot: screenshots/screenshot_20250122-172220.png
2025-01-22 17:22:20,668 - INFO - Captured screenshot: screenshots/screenshot_20250122-172220.png
2025-01-22 17:22:20,784 - INFO - Captured screenshot: screenshots/screenshot_20250122-172220.png
2025-01-22 17:22:20,902 - INFO - Captured screenshot: screenshots/screenshot_20250122-172220.png
2025-01-22 17:22:21,017 - INFO - Captured screenshot: screenshots/screenshot_20250122-172220.png
2025-01-22 17:22:21,346 - INFO - Captured screenshot: screenshots/screenshot_20250122-172221.png
2025-01-22 17:22:21,473 - INFO - Captured screenshot: screenshots/screenshot_20250122-172221.png
2025-01-22 17:22:21,587 - INFO - Captured screenshot: screenshots/screenshot_20250122-172221.png
2025-01-22 17:22:21,703 - INFO - Captured screenshot: screenshots/screenshot_20250122-172221.png
2025-01-22 17:22:21,829 - INFO - Captured screenshot: screenshots/screenshot_20250122-172221.png
2025-01-22 17:22:21,958 - INFO - Captured screenshot: screenshots/screenshot_20250122-172221.png
2025-01-22 17:22:22,070 - INFO - Captured screenshot: screenshots/screenshot_20250122-172221.png
2025-01-22 17:22:22,199 - INFO - Captured screenshot: screenshots/screenshot_20250122-172222.png
2025-01-22 17:22:22,320 - INFO - Captured screenshot: screenshots/screenshot_20250122-172222.png
2025-01-22 17:22:22,437 - INFO - Captured screenshot: screenshots/screenshot_20250122-172222.png
2025-01-22 17:22:22,552 - INFO - Captured screenshot: screenshots/screenshot_20250122-172222.png
2025-01-22 17:22:22,674 - INFO - Captured screenshot: screenshots/screenshot_20250122-172222.png
2025-01-22 17:22:22,786 - INFO - Captured screenshot: screenshots/screenshot_20250122-172222.png
2025-01-22 17:22:22,902 - INFO - Captured screenshot: screenshots/screenshot_20250122-172222.png
2025-01-22 17:22:23,019 - INFO - Captured screenshot: screenshots/screenshot_20250122-172222.png
2025-01-22 17:22:23,137 - INFO - Captured screenshot: screenshots/screenshot_20250122-172223.png
2025-01-22 17:22:23,255 - INFO - Captured screenshot: screenshots/screenshot_20250122-172223.png
2025-01-22 17:22:23,382 - INFO - Captured screenshot: screenshots/screenshot_20250122-172223.png
2025-01-22 17:22:23,508 - INFO - Captured screenshot: screenshots/screenshot_20250122-172223.png
2025-01-22 17:22:23,619 - INFO - Captured screenshot: screenshots/screenshot_20250122-172223.png
2025-01-22 17:22:23,738 - INFO - Captured screenshot: screenshots/screenshot_20250122-172223.png
2025-01-22 17:22:23,853 - INFO - Captured screenshot: screenshots/screenshot_20250122-172223.png
2025-01-22 17:22:23,981 - INFO - Captured screenshot: screenshots/screenshot_20250122-172223.png
2025-01-22 17:22:24,103 - INFO - Captured screenshot: screenshots/screenshot_20250122-172223.png
2025-01-22 17:22:24,223 - INFO - Captured screenshot: screenshots/screenshot_20250122-172224.png
2025-01-22 17:22:24,335 - INFO - Captured screenshot: screenshots/screenshot_20250122-172224.png
2025-01-22 17:22:24,454 - INFO - Captured screenshot: screenshots/screenshot_20250122-172224.png
2025-01-22 17:22:24,569 - INFO - Captured screenshot: screenshots/screenshot_20250122-172224.png
2025-01-22 17:22:24,687 - INFO - Captured screenshot: screenshots/screenshot_20250122-172224.png
2025-01-22 17:22:24,801 - INFO - Captured screenshot: screenshots/screenshot_20250122-172224.png
2025-01-22 17:22:24,922 - INFO - Captured screenshot: screenshots/screenshot_20250122-172224.png
2025-01-22 17:22:25,037 - INFO - Captured screenshot: screenshots/screenshot_20250122-172224.png
2025-01-22 17:22:25,153 - INFO - Captured screenshot: screenshots/screenshot_20250122-172225.png
2025-01-22 17:22:25,271 - INFO - Captured screenshot: screenshots/screenshot_20250122-172225.png
2025-01-22 17:22:25,395 - INFO - Captured screenshot: screenshots/screenshot_20250122-172225.png
2025-01-22 17:22:25,520 - INFO - Captured screenshot: screenshots/screenshot_20250122-172225.png
2025-01-22 17:22:25,637 - INFO - Captured screenshot: screenshots/screenshot_20250122-172225.png
2025-01-22 17:22:25,753 - INFO - Captured screenshot: screenshots/screenshot_20250122-172225.png
2025-01-22 17:22:25,871 - INFO - Captured screenshot: screenshots/screenshot_20250122-172225.png
2025-01-22 17:22:25,989 - INFO - Captured screenshot: screenshots/screenshot_20250122-172225.png
2025-01-22 17:22:26,105 - INFO - Captured screenshot: screenshots/screenshot_20250122-172225.png
2025-01-22 17:22:26,235 - INFO - Captured screenshot: screenshots/screenshot_20250122-172226.png
2025-01-22 17:22:26,354 - INFO - Captured screenshot: screenshots/screenshot_20250122-172226.png
2025-01-22 17:22:26,469 - INFO - Captured screenshot: screenshots/screenshot_20250122-172226.png
2025-01-22 17:22:26,587 - INFO - Captured screenshot: screenshots/screenshot_20250122-172226.png
2025-01-22 17:22:26,706 - INFO - Captured screenshot: screenshots/screenshot_20250122-172226.png
2025-01-22 17:22:26,821 - INFO - Captured screenshot: screenshots/screenshot_20250122-172226.png
2025-01-22 17:22:26,935 - INFO - Captured screenshot: screenshots/screenshot_20250122-172226.png
2025-01-22 17:22:27,051 - INFO - Captured screenshot: screenshots/screenshot_20250122-172226.png
2025-01-22 17:22:27,185 - INFO - Captured screenshot: screenshots/screenshot_20250122-172227.png
2025-01-22 17:22:27,304 - INFO - Captured screenshot: screenshots/screenshot_20250122-172227.png
2025-01-22 17:22:27,429 - INFO - Captured screenshot: screenshots/screenshot_20250122-172227.png
2025-01-22 17:22:27,559 - INFO - Captured screenshot: screenshots/screenshot_20250122-172227.png
2025-01-22 17:22:27,670 - INFO - Captured screenshot: screenshots/screenshot_20250122-172227.png
2025-01-22 17:22:27,787 - INFO - Captured screenshot: screenshots/screenshot_20250122-172227.png
2025-01-22 17:22:27,904 - INFO - Captured screenshot: screenshots/screenshot_20250122-172227.png
2025-01-22 17:22:28,019 - INFO - Captured screenshot: screenshots/screenshot_20250122-172227.png
2025-01-22 17:22:28,157 - INFO - Captured screenshot: screenshots/screenshot_20250122-172228.png
2025-01-22 17:22:28,272 - INFO - Captured screenshot: screenshots/screenshot_20250122-172228.png
2025-01-22 17:22:28,388 - INFO - Captured screenshot: screenshots/screenshot_20250122-172228.png
2025-01-22 17:22:28,502 - INFO - Captured screenshot: screenshots/screenshot_20250122-172228.png
2025-01-22 17:22:28,622 - INFO - Captured screenshot: screenshots/screenshot_20250122-172228.png
2025-01-22 17:22:28,735 - INFO - Captured screenshot: screenshots/screenshot_20250122-172228.png
2025-01-22 17:22:28,853 - INFO - Captured screenshot: screenshots/screenshot_20250122-172228.png
2025-01-22 17:22:28,969 - INFO - Captured screenshot: screenshots/screenshot_20250122-172228.png
2025-01-22 17:22:29,090 - INFO - Captured screenshot: screenshots/screenshot_20250122-172228.png
2025-01-22 17:22:29,217 - INFO - Captured screenshot: screenshots/screenshot_20250122-172229.png
2025-01-22 17:22:29,349 - INFO - Captured screenshot: screenshots/screenshot_20250122-172229.png
2025-01-22 17:22:29,474 - INFO - Captured screenshot: screenshots/screenshot_20250122-172229.png
2025-01-22 17:22:29,586 - INFO - Captured screenshot: screenshots/screenshot_20250122-172229.png
2025-01-22 17:22:29,704 - INFO - Captured screenshot: screenshots/screenshot_20250122-172229.png
2025-01-22 17:22:29,825 - INFO - Captured screenshot: screenshots/screenshot_20250122-172229.png
2025-01-22 17:22:29,938 - INFO - Captured screenshot: screenshots/screenshot_20250122-172229.png
2025-01-22 17:22:30,052 - INFO - Captured screenshot: screenshots/screenshot_20250122-172229.png
2025-01-22 17:22:30,169 - INFO - Captured screenshot: screenshots/screenshot_20250122-172230.png
2025-01-22 17:22:30,287 - INFO - Captured screenshot: screenshots/screenshot_20250122-172230.png
2025-01-22 17:22:30,402 - INFO - Captured screenshot: screenshots/screenshot_20250122-172230.png
2025-01-22 17:22:30,523 - INFO - Captured screenshot: screenshots/screenshot_20250122-172230.png
2025-01-22 17:22:30,637 - INFO - Captured screenshot: screenshots/screenshot_20250122-172230.png
2025-01-22 17:22:30,754 - INFO - Captured screenshot: screenshots/screenshot_20250122-172230.png
2025-01-22 17:22:30,868 - INFO - Captured screenshot: screenshots/screenshot_20250122-172230.png
2025-01-22 17:22:30,987 - INFO - Captured screenshot: screenshots/screenshot_20250122-172230.png
2025-01-22 17:22:31,103 - INFO - Captured screenshot: screenshots/screenshot_20250122-172230.png
2025-01-22 17:22:31,229 - INFO - Captured screenshot: screenshots/screenshot_20250122-172231.png
2025-01-22 17:22:31,362 - INFO - Captured screenshot: screenshots/screenshot_20250122-172231.png
2025-01-22 17:22:31,487 - INFO - Captured screenshot: screenshots/screenshot_20250122-172231.png
2025-01-22 17:22:31,601 - INFO - Captured screenshot: screenshots/screenshot_20250122-172231.png
2025-01-22 17:22:31,728 - INFO - Captured screenshot: screenshots/screenshot_20250122-172231.png
2025-01-22 17:22:31,865 - INFO - Captured screenshot: screenshots/screenshot_20250122-172231.png
2025-01-22 17:22:31,989 - INFO - Captured screenshot: screenshots/screenshot_20250122-172231.png
2025-01-22 17:22:32,107 - INFO - Captured screenshot: screenshots/screenshot_20250122-172231.png
2025-01-22 17:22:32,235 - INFO - Captured screenshot: screenshots/screenshot_20250122-172232.png
2025-01-22 17:22:32,354 - INFO - Captured screenshot: screenshots/screenshot_20250122-172232.png
2025-01-22 17:22:32,470 - INFO - Captured screenshot: screenshots/screenshot_20250122-172232.png
2025-01-22 17:22:32,587 - INFO - Captured screenshot: screenshots/screenshot_20250122-172232.png
2025-01-22 17:22:32,705 - INFO - Captured screenshot: screenshots/screenshot_20250122-172232.png
2025-01-22 17:22:32,819 - INFO - Captured screenshot: screenshots/screenshot_20250122-172232.png
2025-01-22 17:22:32,942 - INFO - Captured screenshot: screenshots/screenshot_20250122-172232.png
2025-01-22 17:22:33,054 - INFO - Captured screenshot: screenshots/screenshot_20250122-172232.png
2025-01-22 17:22:33,189 - INFO - Captured screenshot: screenshots/screenshot_20250122-172233.png
2025-01-22 17:22:33,306 - INFO - Captured screenshot: screenshots/screenshot_20250122-172233.png
2025-01-22 17:22:33,425 - INFO - Captured screenshot: screenshots/screenshot_20250122-172233.png
2025-01-22 17:22:33,537 - INFO - Captured screenshot: screenshots/screenshot_20250122-172233.png
2025-01-22 17:22:33,653 - INFO - Captured screenshot: screenshots/screenshot_20250122-172233.png
2025-01-22 17:22:33,770 - INFO - Captured screenshot: screenshots/screenshot_20250122-172233.png
2025-01-22 17:22:33,886 - INFO - Captured screenshot: screenshots/screenshot_20250122-172233.png
2025-01-22 17:22:34,003 - INFO - Captured screenshot: screenshots/screenshot_20250122-172233.png
2025-01-22 17:22:34,121 - INFO - Captured screenshot: screenshots/screenshot_20250122-172234.png
2025-01-22 17:22:34,235 - INFO - Captured screenshot: screenshots/screenshot_20250122-172234.png
2025-01-22 17:22:34,354 - INFO - Captured screenshot: screenshots/screenshot_20250122-172234.png
2025-01-22 17:22:34,468 - INFO - Captured screenshot: screenshots/screenshot_20250122-172234.png
2025-01-22 17:22:34,585 - INFO - Captured screenshot: screenshots/screenshot_20250122-172234.png
2025-01-22 17:22:34,704 - INFO - Captured screenshot: screenshots/screenshot_20250122-172234.png
2025-01-22 17:22:34,817 - INFO - Captured screenshot: screenshots/screenshot_20250122-172234.png
2025-01-22 17:22:34,936 - INFO - Captured screenshot: screenshots/screenshot_20250122-172234.png
2025-01-22 17:22:35,055 - INFO - Captured screenshot: screenshots/screenshot_20250122-172234.png
2025-01-22 17:22:35,172 - INFO - Captured screenshot: screenshots/screenshot_20250122-172235.png
2025-01-22 17:22:35,298 - INFO - Captured screenshot: screenshots/screenshot_20250122-172235.png
2025-01-22 17:22:35,423 - INFO - Captured screenshot: screenshots/screenshot_20250122-172235.png
2025-01-22 17:22:35,536 - INFO - Captured screenshot: screenshots/screenshot_20250122-172235.png
2025-01-22 17:22:35,653 - INFO - Captured screenshot: screenshots/screenshot_20250122-172235.png
2025-01-22 17:22:35,777 - INFO - Captured screenshot: screenshots/screenshot_20250122-172235.png
2025-01-22 17:22:35,886 - INFO - Captured screenshot: screenshots/screenshot_20250122-172235.png
2025-01-22 17:22:36,006 - INFO - Captured screenshot: screenshots/screenshot_20250122-172235.png
2025-01-22 17:22:36,119 - INFO - Captured screenshot: screenshots/screenshot_20250122-172236.png
2025-01-22 17:22:36,238 - INFO - Captured screenshot: screenshots/screenshot_20250122-172236.png
2025-01-22 17:22:36,355 - INFO - Captured screenshot: screenshots/screenshot_20250122-172236.png
2025-01-22 17:22:36,471 - INFO - Captured screenshot: screenshots/screenshot_20250122-172236.png
2025-01-22 17:22:36,587 - INFO - Captured screenshot: screenshots/screenshot_20250122-172236.png
2025-01-22 17:22:36,704 - INFO - Captured screenshot: screenshots/screenshot_20250122-172236.png
2025-01-22 17:22:36,820 - INFO - Captured screenshot: screenshots/screenshot_20250122-172236.png
2025-01-22 17:22:36,935 - INFO - Captured screenshot: screenshots/screenshot_20250122-172236.png
2025-01-22 17:22:37,053 - INFO - Captured screenshot: screenshots/screenshot_20250122-172236.png
2025-01-22 17:22:37,192 - INFO - Captured screenshot: screenshots/screenshot_20250122-172237.png
2025-01-22 17:22:37,315 - INFO - Captured screenshot: screenshots/screenshot_20250122-172237.png
2025-01-22 17:22:37,434 - INFO - Captured screenshot: screenshots/screenshot_20250122-172237.png
2025-01-22 17:22:37,553 - INFO - Captured screenshot: screenshots/screenshot_20250122-172237.png
2025-01-22 17:22:37,670 - INFO - Captured screenshot: screenshots/screenshot_20250122-172237.png
2025-01-22 17:22:37,794 - INFO - Captured screenshot: screenshots/screenshot_20250122-172237.png
2025-01-22 17:22:37,923 - INFO - Captured screenshot: screenshots/screenshot_20250122-172237.png
2025-01-22 17:22:38,037 - INFO - Captured screenshot: screenshots/screenshot_20250122-172237.png
2025-01-22 17:22:38,154 - INFO - Captured screenshot: screenshots/screenshot_20250122-172238.png
2025-01-22 17:22:38,270 - INFO - Captured screenshot: screenshots/screenshot_20250122-172238.png
2025-01-22 17:22:38,391 - INFO - Captured screenshot: screenshots/screenshot_20250122-172238.png
2025-01-22 17:22:38,503 - INFO - Captured screenshot: screenshots/screenshot_20250122-172238.png
2025-01-22 17:22:38,620 - INFO - Captured screenshot: screenshots/screenshot_20250122-172238.png
2025-01-22 17:22:38,736 - INFO - Captured screenshot: screenshots/screenshot_20250122-172238.png
2025-01-22 17:22:38,854 - INFO - Captured screenshot: screenshots/screenshot_20250122-172238.png
2025-01-22 17:22:38,969 - INFO - Captured screenshot: screenshots/screenshot_20250122-172238.png
2025-01-22 17:22:39,086 - INFO - Captured screenshot: screenshots/screenshot_20250122-172238.png
2025-01-22 17:22:39,205 - INFO - Captured screenshot: screenshots/screenshot_20250122-172239.png
2025-01-22 17:22:39,327 - INFO - Captured screenshot: screenshots/screenshot_20250122-172239.png
2025-01-22 17:22:39,438 - INFO - Captured screenshot: screenshots/screenshot_20250122-172239.png
2025-01-22 17:22:39,555 - INFO - Captured screenshot: screenshots/screenshot_20250122-172239.png
2025-01-22 17:22:39,669 - INFO - Captured screenshot: screenshots/screenshot_20250122-172239.png
2025-01-22 17:22:39,794 - INFO - Captured screenshot: screenshots/screenshot_20250122-172239.png
2025-01-22 17:22:39,906 - INFO - Captured screenshot: screenshots/screenshot_20250122-172239.png
2025-01-22 17:22:40,019 - INFO - Captured screenshot: screenshots/screenshot_20250122-172239.png
2025-01-22 17:22:40,140 - INFO - Captured screenshot: screenshots/screenshot_20250122-172240.png
2025-01-22 17:22:40,277 - INFO - Captured screenshot: screenshots/screenshot_20250122-172240.png
2025-01-22 17:22:40,395 - INFO - Captured screenshot: screenshots/screenshot_20250122-172240.png
2025-01-22 17:22:40,525 - INFO - Captured screenshot: screenshots/screenshot_20250122-172240.png
2025-01-22 17:22:40,635 - INFO - Captured screenshot: screenshots/screenshot_20250122-172240.png
2025-01-22 17:22:40,779 - INFO - Captured screenshot: screenshots/screenshot_20250122-172240.png
2025-01-22 17:22:40,922 - INFO - Captured screenshot: screenshots/screenshot_20250122-172240.png
2025-01-22 17:22:41,066 - INFO - Captured screenshot: screenshots/screenshot_20250122-172240.png
2025-01-22 17:22:41,204 - INFO - Captured screenshot: screenshots/screenshot_20250122-172241.png
2025-01-22 17:22:41,322 - INFO - Captured screenshot: screenshots/screenshot_20250122-172241.png
2025-01-22 17:22:41,436 - INFO - Captured screenshot: screenshots/screenshot_20250122-172241.png
2025-01-22 17:22:41,554 - INFO - Captured screenshot: screenshots/screenshot_20250122-172241.png
2025-01-22 17:22:41,670 - INFO - Captured screenshot: screenshots/screenshot_20250122-172241.png
2025-01-22 17:22:41,785 - INFO - Captured screenshot: screenshots/screenshot_20250122-172241.png
2025-01-22 17:22:41,902 - INFO - Captured screenshot: screenshots/screenshot_20250122-172241.png
2025-01-22 17:22:42,019 - INFO - Captured screenshot: screenshots/screenshot_20250122-172241.png
2025-01-22 17:22:42,153 - INFO - Captured screenshot: screenshots/screenshot_20250122-172242.png
2025-01-22 17:22:42,274 - INFO - Captured screenshot: screenshots/screenshot_20250122-172242.png
2025-01-22 17:22:42,395 - INFO - Captured screenshot: screenshots/screenshot_20250122-172242.png
2025-01-22 17:22:42,522 - INFO - Captured screenshot: screenshots/screenshot_20250122-172242.png
2025-01-22 17:22:42,636 - INFO - Captured screenshot: screenshots/screenshot_20250122-172242.png
2025-01-22 17:22:42,754 - INFO - Captured screenshot: screenshots/screenshot_20250122-172242.png
2025-01-22 17:22:42,871 - INFO - Captured screenshot: screenshots/screenshot_20250122-172242.png
2025-01-22 17:22:42,987 - INFO - Captured screenshot: screenshots/screenshot_20250122-172242.png
2025-01-22 17:22:43,102 - INFO - Captured screenshot: screenshots/screenshot_20250122-172242.png
2025-01-22 17:22:43,230 - INFO - Captured screenshot: screenshots/screenshot_20250122-172243.png
2025-01-22 17:22:43,352 - INFO - Captured screenshot: screenshots/screenshot_20250122-172243.png
2025-01-22 17:22:43,469 - INFO - Captured screenshot: screenshots/screenshot_20250122-172243.png
2025-01-22 17:22:43,585 - INFO - Captured screenshot: screenshots/screenshot_20250122-172243.png
2025-01-22 17:22:43,703 - INFO - Captured screenshot: screenshots/screenshot_20250122-172243.png
2025-01-22 17:22:43,820 - INFO - Captured screenshot: screenshots/screenshot_20250122-172243.png
2025-01-22 17:22:43,937 - INFO - Captured screenshot: screenshots/screenshot_20250122-172243.png
2025-01-22 17:22:44,053 - INFO - Captured screenshot: screenshots/screenshot_20250122-172243.png
2025-01-22 17:22:44,244 - INFO - Captured screenshot: screenshots/screenshot_20250122-172244.png
2025-01-22 17:22:44,376 - INFO - Captured screenshot: screenshots/screenshot_20250122-172244.png
2025-01-22 17:22:44,486 - INFO - Captured screenshot: screenshots/screenshot_20250122-172244.png
2025-01-22 17:22:44,609 - INFO - Captured screenshot: screenshots/screenshot_20250122-172244.png
2025-01-22 17:22:44,732 - INFO - Captured screenshot: screenshots/screenshot_20250122-172244.png
2025-01-22 17:22:44,878 - INFO - Captured screenshot: screenshots/screenshot_20250122-172244.png
2025-01-22 17:22:45,059 - INFO - Captured screenshot: screenshots/screenshot_20250122-172244.png
2025-01-22 17:22:45,204 - INFO - Captured screenshot: screenshots/screenshot_20250122-172245.png
2025-01-22 17:22:45,370 - INFO - Captured screenshot: screenshots/screenshot_20250122-172245.png
2025-01-22 17:22:45,509 - INFO - Captured screenshot: screenshots/screenshot_20250122-172245.png
2025-01-22 17:22:45,635 - INFO - Captured screenshot: screenshots/screenshot_20250122-172245.png
2025-01-22 17:22:45,764 - INFO - Captured screenshot: screenshots/screenshot_20250122-172245.png
2025-01-22 17:22:45,889 - INFO - Captured screenshot: screenshots/screenshot_20250122-172245.png
2025-01-22 17:22:46,010 - INFO - Captured screenshot: screenshots/screenshot_20250122-172245.png
2025-01-22 17:22:46,125 - INFO - Captured screenshot: screenshots/screenshot_20250122-172246.png
2025-01-22 17:22:46,287 - INFO - Captured screenshot: screenshots/screenshot_20250122-172246.png
2025-01-22 17:22:46,425 - INFO - Captured screenshot: screenshots/screenshot_20250122-172246.png
2025-01-22 17:22:46,546 - INFO - Captured screenshot: screenshots/screenshot_20250122-172246.png
2025-01-22 17:22:46,673 - INFO - Captured screenshot: screenshots/screenshot_20250122-172246.png
2025-01-22 17:22:46,794 - INFO - Captured screenshot: screenshots/screenshot_20250122-172246.png
2025-01-22 17:22:46,920 - INFO - Captured screenshot: screenshots/screenshot_20250122-172246.png
2025-01-22 17:22:47,036 - INFO - Captured screenshot: screenshots/screenshot_20250122-172246.png
2025-01-22 17:22:47,260 - INFO - Captured screenshot: screenshots/screenshot_20250122-172247.png
2025-01-22 17:22:47,378 - INFO - Captured screenshot: screenshots/screenshot_20250122-172247.png
2025-01-22 17:22:47,508 - INFO - Captured screenshot: screenshots/screenshot_20250122-172247.png
2025-01-22 17:22:47,639 - INFO - Captured screenshot: screenshots/screenshot_20250122-172247.png
2025-01-22 17:22:47,792 - INFO - Captured screenshot: screenshots/screenshot_20250122-172247.png
2025-01-22 17:22:47,922 - INFO - Captured screenshot: screenshots/screenshot_20250122-172247.png
2025-01-22 17:22:48,039 - INFO - Captured screenshot: screenshots/screenshot_20250122-172247.png
2025-01-22 17:22:48,175 - INFO - Captured screenshot: screenshots/screenshot_20250122-172248.png
2025-01-22 17:22:48,300 - INFO - Captured screenshot: screenshots/screenshot_20250122-172248.png
2025-01-22 17:22:48,409 - INFO - Captured screenshot: screenshots/screenshot_20250122-172248.png
2025-01-22 17:22:48,519 - INFO - Captured screenshot: screenshots/screenshot_20250122-172248.png
2025-01-22 17:22:48,636 - INFO - Captured screenshot: screenshots/screenshot_20250122-172248.png
2025-01-22 17:22:48,871 - INFO - Captured screenshot: screenshots/screenshot_20250122-172248.png
2025-01-22 17:22:49,007 - INFO - Captured screenshot: screenshots/screenshot_20250122-172248.png
2025-01-22 17:22:49,162 - INFO - Captured screenshot: screenshots/screenshot_20250122-172249.png
2025-01-22 17:22:49,370 - INFO - Captured screenshot: screenshots/screenshot_20250122-172249.png
2025-01-22 17:22:49,501 - INFO - Captured screenshot: screenshots/screenshot_20250122-172249.png
2025-01-22 17:22:49,651 - INFO - Captured screenshot: screenshots/screenshot_20250122-172249.png
2025-01-22 17:22:49,813 - INFO - Captured screenshot: screenshots/screenshot_20250122-172249.png
2025-01-22 17:22:49,987 - INFO - Captured screenshot: screenshots/screenshot_20250122-172249.png
2025-01-22 17:22:50,229 - INFO - Captured screenshot: screenshots/screenshot_20250122-172249.png
2025-01-22 17:22:50,434 - INFO - Captured screenshot: screenshots/screenshot_20250122-172250.png
2025-01-22 17:22:50,564 - INFO - Captured screenshot: screenshots/screenshot_20250122-172250.png
2025-01-22 17:22:50,691 - INFO - Captured screenshot: screenshots/screenshot_20250122-172250.png
2025-01-22 17:22:50,852 - INFO - Captured screenshot: screenshots/screenshot_20250122-172250.png
2025-01-22 17:22:51,019 - INFO - Captured screenshot: screenshots/screenshot_20250122-172250.png
2025-01-22 17:22:51,192 - INFO - Captured screenshot: screenshots/screenshot_20250122-172251.png
2025-01-22 17:22:51,317 - INFO - Captured screenshot: screenshots/screenshot_20250122-172251.png
2025-01-22 17:22:51,452 - INFO - Captured screenshot: screenshots/screenshot_20250122-172251.png
2025-01-22 17:22:51,631 - INFO - Captured screenshot: screenshots/screenshot_20250122-172251.png
2025-01-22 17:22:51,823 - INFO - Captured screenshot: screenshots/screenshot_20250122-172251.png
2025-01-22 17:22:51,958 - INFO - Captured screenshot: screenshots/screenshot_20250122-172251.png
2025-01-22 17:22:52,082 - INFO - Captured screenshot: screenshots/screenshot_20250122-172251.png
2025-01-22 17:22:52,259 - INFO - Captured screenshot: screenshots/screenshot_20250122-172252.png
2025-01-22 17:22:52,443 - INFO - Captured screenshot: screenshots/screenshot_20250122-172252.png
2025-01-22 17:22:52,604 - INFO - Captured screenshot: screenshots/screenshot_20250122-172252.png
2025-01-22 17:22:52,755 - INFO - Captured screenshot: screenshots/screenshot_20250122-172252.png
2025-01-22 17:22:52,904 - INFO - Captured screenshot: screenshots/screenshot_20250122-172252.png
2025-01-22 17:22:53,038 - INFO - Captured screenshot: screenshots/screenshot_20250122-172252.png
2025-01-22 17:22:53,152 - INFO - Captured screenshot: screenshots/screenshot_20250122-172253.png
2025-01-22 17:22:53,271 - INFO - Captured screenshot: screenshots/screenshot_20250122-172253.png
2025-01-22 17:22:53,402 - INFO - Captured screenshot: screenshots/screenshot_20250122-172253.png
2025-01-22 17:22:53,515 - INFO - Captured screenshot: screenshots/screenshot_20250122-172253.png
2025-01-22 17:22:53,627 - INFO - Captured screenshot: screenshots/screenshot_20250122-172253.png
2025-01-22 17:22:53,756 - INFO - Captured screenshot: screenshots/screenshot_20250122-172253.png
2025-01-22 17:22:53,873 - INFO - Captured screenshot: screenshots/screenshot_20250122-172253.png
2025-01-22 17:22:53,991 - INFO - Captured screenshot: screenshots/screenshot_20250122-172253.png
2025-01-22 17:22:54,108 - INFO - Captured screenshot: screenshots/screenshot_20250122-172253.png
2025-01-22 17:22:54,235 - INFO - Captured screenshot: screenshots/screenshot_20250122-172254.png
2025-01-22 17:22:54,358 - INFO - Captured screenshot: screenshots/screenshot_20250122-172254.png
2025-01-22 17:22:54,472 - INFO - Captured screenshot: screenshots/screenshot_20250122-172254.png
2025-01-22 17:22:54,588 - INFO - Captured screenshot: screenshots/screenshot_20250122-172254.png
2025-01-22 17:22:54,699 - INFO - Captured screenshot: screenshots/screenshot_20250122-172254.png
2025-01-22 17:22:54,823 - INFO - Captured screenshot: screenshots/screenshot_20250122-172254.png
2025-01-22 17:22:54,941 - INFO - Captured screenshot: screenshots/screenshot_20250122-172254.png
2025-01-22 17:22:55,077 - INFO - Captured screenshot: screenshots/screenshot_20250122-172254.png
2025-01-22 17:22:55,190 - INFO - Captured screenshot: screenshots/screenshot_20250122-172255.png
2025-01-22 17:22:55,309 - INFO - Captured screenshot: screenshots/screenshot_20250122-172255.png
2025-01-22 17:22:55,425 - INFO - Captured screenshot: screenshots/screenshot_20250122-172255.png
2025-01-22 17:22:55,549 - INFO - Captured screenshot: screenshots/screenshot_20250122-172255.png
2025-01-22 17:22:55,689 - INFO - Captured screenshot: screenshots/screenshot_20250122-172255.png
2025-01-22 17:22:55,819 - INFO - Captured screenshot: screenshots/screenshot_20250122-172255.png
2025-01-22 17:22:55,943 - INFO - Captured screenshot: screenshots/screenshot_20250122-172255.png
2025-01-22 17:22:56,177 - INFO - Captured screenshot: screenshots/screenshot_20250122-172255.png
2025-01-22 17:22:56,309 - INFO - Captured screenshot: screenshots/screenshot_20250122-172256.png
2025-01-22 17:22:56,448 - INFO - Captured screenshot: screenshots/screenshot_20250122-172256.png
2025-01-22 17:22:56,581 - INFO - Captured screenshot: screenshots/screenshot_20250122-172256.png
2025-01-22 17:22:56,711 - INFO - Captured screenshot: screenshots/screenshot_20250122-172256.png
2025-01-22 17:22:56,843 - INFO - Captured screenshot: screenshots/screenshot_20250122-172256.png
2025-01-22 17:22:56,956 - INFO - Captured screenshot: screenshots/screenshot_20250122-172256.png
2025-01-22 17:22:57,106 - INFO - Captured screenshot: screenshots/screenshot_20250122-172256.png
2025-01-22 17:22:57,241 - INFO - Captured screenshot: screenshots/screenshot_20250122-172257.png
2025-01-22 17:22:57,356 - INFO - Captured screenshot: screenshots/screenshot_20250122-172257.png
2025-01-22 17:22:57,488 - INFO - Captured screenshot: screenshots/screenshot_20250122-172257.png
2025-01-22 17:22:57,611 - INFO - Captured screenshot: screenshots/screenshot_20250122-172257.png
2025-01-22 17:22:57,737 - INFO - Captured screenshot: screenshots/screenshot_20250122-172257.png
2025-01-22 17:22:57,854 - INFO - Captured screenshot: screenshots/screenshot_20250122-172257.png
2025-01-22 17:22:57,970 - INFO - Captured screenshot: screenshots/screenshot_20250122-172257.png
2025-01-22 17:22:58,087 - INFO - Captured screenshot: screenshots/screenshot_20250122-172257.png
2025-01-22 17:23:12,932 - INFO - Collecting user input.
2025-01-22 17:23:12,934 - DEBUG - User input collected: Testing screenshot classification.
2025-01-22 17:23:12,934 - INFO - User Intention: Testing screenshot classification.
2025-01-22 17:23:12,934 - INFO - Initializing the summarizer model.
2025-01-22 17:23:12,938 - DEBUG - Starting new HTTPS connection (1): huggingface.co:443
2025-01-22 17:23:13,538 - DEBUG - https://huggingface.co:443 "HEAD /t5-small/resolve/main/config.json HTTP/11" 200 0
2025-01-22 17:23:19,274 - WARNING - From C:\Users\User\.conda\envs\myenv\Lib\site-packages\tf_keras\src\losses.py:2976: The name tf.losses.sparse_softmax_cross_entropy is deprecated. Please use tf.compat.v1.losses.sparse_softmax_cross_entropy instead.

2025-01-22 17:23:20,279 - DEBUG - https://huggingface.co:443 "HEAD /t5-small/resolve/main/generation_config.json HTTP/11" 200 0
2025-01-22 17:23:20,442 - DEBUG - Summarizer model loaded successfully.
2025-01-22 17:23:21,436 - INFO - Intention parsed successfully.
2025-01-22 17:23:22,413 - INFO - Parsed Intention: testing screenshot classification . screenshot classification is based on a screenshot .
2025-01-22 17:23:22,413 - INFO - Sending notification: You're off track! Focus on your coding tasks.
2025-01-22 17:23:22,419 - INFO - Setting up screen capture with interval: 10s and output directory: screenshots.
2025-01-22 17:23:22,592 - INFO - Captured screenshot: screenshots/screenshot_20250122-172322.png
2025-01-22 17:23:32,728 - INFO - Captured screenshot: screenshots/screenshot_20250122-172332.png
2025-01-22 17:23:43,010 - INFO - Captured screenshot: screenshots/screenshot_20250122-172342.png
2025-01-22 17:23:53,154 - INFO - Captured screenshot: screenshots/screenshot_20250122-172353.png
2025-01-22 17:24:03,296 - INFO - Captured screenshot: screenshots/screenshot_20250122-172403.png
2025-01-22 17:24:13,460 - INFO - Captured screenshot: screenshots/screenshot_20250122-172413.png
2025-01-22 17:24:23,806 - INFO - Captured screenshot: screenshots/screenshot_20250122-172423.png
2025-01-22 17:24:33,970 - INFO - Captured screenshot: screenshots/screenshot_20250122-172433.png
2025-01-22 17:24:44,252 - INFO - Captured screenshot: screenshots/screenshot_20250122-172443.png
2025-01-22 17:24:54,441 - INFO - Captured screenshot: screenshots/screenshot_20250122-172454.png
2025-01-22 17:25:04,587 - INFO - Captured screenshot: screenshots/screenshot_20250122-172504.png
2025-01-22 17:25:14,747 - INFO - Captured screenshot: screenshots/screenshot_20250122-172514.png
2025-01-22 17:25:24,894 - INFO - Captured screenshot: screenshots/screenshot_20250122-172524.png
2025-01-22 17:25:35,038 - INFO - Captured screenshot: screenshots/screenshot_20250122-172534.png
2025-01-22 17:25:45,160 - INFO - Captured screenshot: screenshots/screenshot_20250122-172545.png
2025-01-22 17:25:55,323 - INFO - Captured screenshot: screenshots/screenshot_20250122-172555.png
2025-01-22 17:26:05,461 - INFO - Captured screenshot: screenshots/screenshot_20250122-172605.png
2025-01-22 17:26:15,628 - INFO - Captured screenshot: screenshots/screenshot_20250122-172615.png
2025-01-22 17:26:25,788 - INFO - Captured screenshot: screenshots/screenshot_20250122-172625.png
2025-01-22 17:26:35,918 - INFO - Captured screenshot: screenshots/screenshot_20250122-172635.png
2025-01-22 17:26:46,063 - INFO - Captured screenshot: screenshots/screenshot_20250122-172645.png
2025-01-22 17:26:56,320 - INFO - Captured screenshot: screenshots/screenshot_20250122-172656.png
2025-01-22 17:27:06,533 - INFO - Captured screenshot: screenshots/screenshot_20250122-172706.png
2025-01-22 17:27:16,663 - INFO - Captured screenshot: screenshots/screenshot_20250122-172716.png
2025-01-22 17:27:26,808 - INFO - Captured screenshot: screenshots/screenshot_20250122-172726.png
2025-01-22 17:27:36,926 - INFO - Captured screenshot: screenshots/screenshot_20250122-172736.png
2025-01-22 17:27:48,492 - INFO - Captured screenshot: screenshots/screenshot_20250122-172746.png
2025-01-22 17:28:00,443 - INFO - Captured screenshot: screenshots/screenshot_20250122-172758.png
2025-01-22 17:28:12,249 - INFO - Captured screenshot: screenshots/screenshot_20250122-172810.png
2025-01-22 17:28:24,654 - INFO - Captured screenshot: screenshots/screenshot_20250122-172822.png
2025-01-22 17:28:37,427 - INFO - Captured screenshot: screenshots/screenshot_20250122-172834.png
2025-01-22 17:28:52,348 - INFO - Captured screenshot: screenshots/screenshot_20250122-172847.png
2025-01-22 17:29:05,002 - INFO - Captured screenshot: screenshots/screenshot_20250122-172902.png
2025-01-22 17:29:16,668 - INFO - Captured screenshot: screenshots/screenshot_20250122-172915.png
2025-01-22 17:29:29,232 - INFO - Captured screenshot: screenshots/screenshot_20250122-172926.png
2025-01-22 17:29:42,253 - INFO - Captured screenshot: screenshots/screenshot_20250122-172939.png
2025-01-22 17:29:55,487 - INFO - Captured screenshot: screenshots/screenshot_20250122-172952.png
2025-01-22 17:30:08,172 - INFO - Captured screenshot: screenshots/screenshot_20250122-173005.png
2025-01-22 17:30:18,314 - INFO - Captured screenshot: screenshots/screenshot_20250122-173018.png
2025-01-22 17:30:28,450 - INFO - Captured screenshot: screenshots/screenshot_20250122-173028.png
2025-01-22 17:30:38,605 - INFO - Captured screenshot: screenshots/screenshot_20250122-173038.png
2025-01-22 17:30:48,733 - INFO - Captured screenshot: screenshots/screenshot_20250122-173048.png
2025-01-22 17:30:58,930 - INFO - Captured screenshot: screenshots/screenshot_20250122-173058.png
2025-01-22 17:31:09,089 - INFO - Captured screenshot: screenshots/screenshot_20250122-173108.png
2025-01-22 21:16:23,225 - INFO - Collecting user input.
2025-01-22 21:16:23,226 - DEBUG - User input collected: I'm going to code in VS Code and browse documentation.
2025-01-22 21:16:23,227 - INFO - Logged analytics data: Intent, I'm going to code in VS Code and browse documentation., None, None
2025-01-22 21:16:23,227 - INFO - User Intention: I'm going to code in VS Code and browse documentation.
2025-01-22 21:16:23,228 - INFO - Initializing the summarizer model.
2025-01-22 21:16:23,232 - DEBUG - Starting new HTTPS connection (1): huggingface.co:443
2025-01-22 21:16:23,980 - DEBUG - https://huggingface.co:443 "HEAD /t5-small/resolve/main/config.json HTTP/11" 200 0
2025-01-22 21:16:29,366 - WARNING - From C:\Users\User\.conda\envs\myenv\Lib\site-packages\tf_keras\src\losses.py:2976: The name tf.losses.sparse_softmax_cross_entropy is deprecated. Please use tf.compat.v1.losses.sparse_softmax_cross_entropy instead.

2025-01-22 21:16:30,379 - DEBUG - https://huggingface.co:443 "HEAD /t5-small/resolve/main/generation_config.json HTTP/11" 200 0
2025-01-22 21:16:30,555 - DEBUG - Summarizer model loaded successfully.
2025-01-22 21:16:31,571 - INFO - Intention parsed successfully.
2025-01-22 21:16:31,572 - INFO - Logged analytics data: Parsed Intent, I'm going to code in VS Code and browse documentation., I'm going to code in VS Code and browse documentation ., None
2025-01-22 21:16:31,683 - INFO - Parsed Intention: I'm going to code in VS Code and browse documentation .
2025-01-22 21:16:31,683 - INFO - Sending notification: You're off track! Focus on your coding tasks.
2025-01-22 21:16:31,694 - INFO - Logged analytics data: Notification, You're off track! Focus on your coding tasks., None, None
2025-01-22 21:16:31,695 - INFO - Setting up screen capture with interval: 60s and output directory: screenshots.
2025-01-22 21:16:31,863 - INFO - Captured screenshot: screenshots/screenshot_20250122-211631.png
2025-01-22 21:16:31,864 - INFO - Logged analytics data: Screenshot, screenshots/screenshot_20250122-211631.png, None, None
2025-01-22 21:17:32,000 - INFO - Captured screenshot: screenshots/screenshot_20250122-211731.png
2025-01-22 21:17:32,001 - INFO - Logged analytics data: Screenshot, screenshots/screenshot_20250122-211731.png, None, None
2025-01-22 21:18:32,163 - INFO - Captured screenshot: screenshots/screenshot_20250122-211832.png
2025-01-22 21:18:32,164 - INFO - Logged analytics data: Screenshot, screenshots/screenshot_20250122-211832.png, None, None
2025-01-22 21:19:32,304 - INFO - Captured screenshot: screenshots/screenshot_20250122-211932.png
2025-01-22 21:19:32,306 - INFO - Logged analytics data: Screenshot, screenshots/screenshot_20250122-211932.png, None, None
2025-01-22 21:20:32,579 - INFO - Captured screenshot: screenshots/screenshot_20250122-212032.png
2025-01-22 21:20:32,581 - INFO - Logged analytics data: Screenshot, screenshots/screenshot_20250122-212032.png, None, None
2025-01-22 21:21:32,779 - INFO - Captured screenshot: screenshots/screenshot_20250122-212132.png
2025-01-22 21:21:32,780 - INFO - Logged analytics data: Screenshot, screenshots/screenshot_20250122-212132.png, None, None
2025-01-22 21:22:32,925 - INFO - Captured screenshot: screenshots/screenshot_20250122-212232.png
2025-01-22 21:22:32,926 - INFO - Logged analytics data: Screenshot, screenshots/screenshot_20250122-212232.png, None, None
2025-01-22 21:23:33,216 - INFO - Captured screenshot: screenshots/screenshot_20250122-212332.png
2025-01-22 21:23:33,218 - INFO - Logged analytics data: Screenshot, screenshots/screenshot_20250122-212332.png, None, None
2025-01-22 21:24:33,449 - INFO - Captured screenshot: screenshots/screenshot_20250122-212433.png
2025-01-22 21:24:33,450 - INFO - Logged analytics data: Screenshot, screenshots/screenshot_20250122-212433.png, None, None
2025-01-22 21:25:33,638 - INFO - Captured screenshot: screenshots/screenshot_20250122-212533.png
2025-01-22 21:25:33,639 - INFO - Logged analytics data: Screenshot, screenshots/screenshot_20250122-212533.png, None, None
2025-01-22 21:26:33,913 - INFO - Captured screenshot: screenshots/screenshot_20250122-212633.png
2025-01-22 21:26:33,915 - INFO - Logged analytics data: Screenshot, screenshots/screenshot_20250122-212633.png, None, None
2025-01-22 21:27:34,120 - INFO - Captured screenshot: screenshots/screenshot_20250122-212733.png
2025-01-22 21:27:34,120 - INFO - Logged analytics data: Screenshot, screenshots/screenshot_20250122-212733.png, None, None
